<?xml version="1.0" encoding="UTF-8"?>
<!-- IBM Confidential OCO Source Materials --><!-- (C) COPYRIGHT IBM CORP. 2011-2021 --><!-- The source code for this program is not published or otherwise divested of its trade secrets, irrespective of what has been deposited with the U.S. Copyright Office. --><List SysFlag="0" SrcType="0" DepenFlg="0"><Name><![CDATA[ibmTriAssistantPlans]]></Name><Desc /><Label><![CDATA[Plan Types]]></Label><Prod><![CDATA[ibmAppServices]]></Prod><Type /><SrcClassName /><SrcObjectName /><ParClassName /><ParListName /><ListValues><ListValue Deletable="true" SeqNo="0"><ListValueName><![CDATA[Full]]></ListValueName><ParClassName /><ParListName /><ParListValName /></ListValue><ListValue Deletable="true" SeqNo="0"><ListValueName><![CDATA[Trial]]></ListValueName><ParClassName /><ParListName /><ParListValName /></ListValue></ListValues></List>
