<?xml version="1.0" encoding="UTF-8"?>
<!-- IBM Confidential OCO Source Materials --><!-- (C) COPYRIGHT IBM CORP. 2011-2021 --><!-- The source code for this program is not published or otherwise divested of its trade secrets, irrespective of what has been deposited with the U.S. Copyright Office. --><Workflow><Header Type="0" WfStatus="10" IgnoreModuleLevel="0" InstanceData="1" LockRecord="0" Modifier="0"><ObjectLabelName><![CDATA[IBM-WA 1.0.4]]></ObjectLabelName><Name><![CDATA[ibmAssistantProvisionOrder - Synchronous - Execute Provisioning]]></Name><Module><![CDATA[ibmAppServices]]></Module><BO><![CDATA[ibmAssistantProvisionOrder]]></BO><EventName><![CDATA[Pre-Create]]></EventName><Description><![CDATA[Execute ProvisionAssistant class which makes the HTTP request to IBM cloud functions with the form data.]]></Description><AssociationName /><UpdatedBy><![CDATA[Dugger, Troy - 1000002]]></UpdatedBy><AssociatedBO /><AssociatedModule><![CDATA[ibmAppServices]]></AssociatedModule></Header><Tasks><Task Id="0" Type="1" FilterOperator="10" RecurrenceId="0" MapId="413117" SRCTaskId="-1" TRGTTaskId="-1" AssigneeTaskId="0" SortCount="1" UseMap="1" LockUser="0" AssignToFlag="1" EstEndInDays="0" EstEndInHrs="0" EstEndInMins="0" DateContext="0" ServiceContext="1"><TaskLabel><![CDATA[Start]]></TaskLabel><EventName><![CDATA[Pre-Create]]></EventName><Description /><DeleteSection /><SumSection /><SumField /><FilterSection /><FilterField /><FilterValue /><ServiceAssociation /><TargetAssociation /><TransactionType><![CDATA[0]]></TransactionType><Status><![CDATA[0]]></Status><ParametersMapId><![CDATA[-1]]></ParametersMapId><FormulaRecalc><![CDATA[0]]></FormulaRecalc><Module><![CDATA[ibmAppServices]]></Module><BO><![CDATA[ibmAssistantProvisionOrder]]></BO><AssociatedModule><![CDATA[ibmAppServices]]></AssociatedModule><AssociatedBO /><AssignToUserMod /><AssignToUserBO /><AssignToUser /><TaskRefs /><Condition><Expression><![CDATA[ ]]></Expression></Condition></Task><Task Id="426048" Type="9" FilterOperator="10" RecurrenceId="0" MapId="-1" SRCTaskId="-1" TRGTTaskId="-1" AssigneeTaskId="0" SortCount="1" UseMap="1" LockUser="0" AssignToFlag="1" EstEndInDays="0" EstEndInHrs="0" EstEndInMins="0" DateContext="0" ServiceContext="1"><TaskLabel /><EventName /><Description /><DeleteSection /><SumSection /><SumField /><FilterSection /><FilterField /><FilterValue /><ServiceAssociation /><TargetAssociation /><TransactionType><![CDATA[0]]></TransactionType><Status><![CDATA[0]]></Status><ParametersMapId><![CDATA[-1]]></ParametersMapId><FormulaRecalc><![CDATA[0]]></FormulaRecalc><Module /><BO /><AssignToUserMod /><AssignToUserBO /><AssignToUser /><TaskRefs /></Task><Task Id="426059" Type="39" FilterOperator="10" RecurrenceId="0" MapId="-1" SRCTaskId="-1" TRGTTaskId="-1" AssigneeTaskId="0" SortCount="1" UseMap="1" LockUser="0" AssignToFlag="1" EstEndInDays="0" EstEndInHrs="0" EstEndInMins="0" DateContext="0" ServiceContext="1"><TaskLabel><![CDATA[Call Provision Assistant CL]]></TaskLabel><EventName /><Description /><DeleteSection /><SumSection /><SumField /><FilterSection /><FilterField><![CDATA[IBM-TRIRIGA-Assistant:com.ibm.watri.ProvisionAssistant]]></FilterField><FilterValue /><ServiceAssociation /><TargetAssociation /><TransactionType><![CDATA[0]]></TransactionType><Status><![CDATA[0]]></Status><ParametersMapId><![CDATA[-1]]></ParametersMapId><FormulaRecalc><![CDATA[2]]></FormulaRecalc><Module><![CDATA[ibmAppServices]]></Module><BO><![CDATA[ibmAssistantProvisionOrder]]></BO><AssignToUserMod /><AssignToUserBO /><AssignToUser /><TaskRefs><TaskRef RefType="0" UseType="1" TaskRefType="0" CtxType="-1" RefTaskId="0"><RefSec /><RefField><![CDATA[null]]></RefField><RefAssoc /><RefModule><![CDATA[ibmAppServices]]></RefModule><RefObject><![CDATA[ibmAssistantProvisionOrder]]></RefObject><RefRecordMod /><RefRecordBO /><RefRecord /></TaskRef></TaskRefs></Task></Tasks><WFSteps><WFStep Id="0" Type="1" ParId="-1" /><WFStep Id="426048" Type="9" ParId="426059" /><WFStep Id="426059" Type="39" ParId="0" /></WFSteps></Workflow>
