<?xml version="1.0" encoding="UTF-8"?>
<!-- IBM Confidential OCO Source Materials --><!-- (C) COPYRIGHT IBM CORP. 2011-2021 --><!-- The source code for this program is not published or otherwise divested of its trade secrets, irrespective of what has been deposited with the U.S. Copyright Office. --><BoRecords>     <BoRecord BoId="10030379" RecordId="-1" BoName="triOslcShape" GUIId="10043100" GUIName="triOslcShape" ModuleId="23828" ModuleName="triOslc" CompanyId="208133" ParentName="" ActionName="" ObjState="created" SourceId="132630649">
<BoSectionName NameValue="System Info">
                     <Review___Status>
                         
                     </Review___Status>
                     <Prior___State>
                         created
                     </Prior___State>
                     <LocationId>
                         
                     </LocationId>
                     <OrganizationId>
                         
                     </OrganizationId>
                     <GeographyId>
                         
                     </GeographyId>
                     <CreatedBy>
                         221931
                     </CreatedBy>
                     <ModifiedBy>
                         
                     </ModifiedBy>
                     <CreatedTime>
                         1585164544225
                     </CreatedTime>
                     <ModifiedTime>
                         1590612281690
                     </ModifiedTime>
                     <Type>
                         10030379
                     </Type>
                     <Parent>
                         
                     </Parent>
         </BoSectionName>
<BoSectionName NameValue="General">
                     <triQueryPerModuleLI>
                         
                     </triQueryPerModuleLI>
                     <triNamespaceTX>
                         http://jazz.net/ns/tririga/reserve#
                     </triNamespaceTX>
                     <triConstructedUrlTX>
                         /oslc/shapes/ibmReservationDefinitionRS
                     </triConstructedUrlTX>
                     <triConstructedUrlHiddenTX>
                         /oslc/shapes/ibmReservationDefinitionRS
                     </triConstructedUrlHiddenTX>
                     <triDefaultFormLI>
                         Reservation Definition (triReservationDefinition)
                     </triDefaultFormLI>
                     <triNameTX>
                         ReservationDefinition
                     </triNameTX>
                     <LocationName>
                         
                     </LocationName>
                     <triRecordIdSY>
                         132630649
                     </triRecordIdSY>
                     <OrgName>
                         
                     </OrgName>
                     <triModifiedDateTimeNumberSY>
                         1590612281690
                     </triModifiedDateTimeNumberSY>
                     <GeographyName>
                         
                     </GeographyName>
                     <triIdTX>
                         ibmReservationDefinitionRS
                     </triIdTX>
                     <triModuleLI>
                         triReservation
                     </triModuleLI>
                     <triBOLI>
                         Reservation Definition (triReservationDefinition)
                     </triBOLI>
                     <triQueryListLI>
                         triReservationDefinition - Mobile - Resource - Reservation Definitions
                     </triQueryListLI>
                     <triTitleTX>
                         Reservation Definition
                     </triTitleTX>
                     <triIsAssociatedBL>
                         FALSE
                     </triIsAssociatedBL>
                     <triResourceTypeTX>
                         
                     </triResourceTypeTX>
                     <triUsageTX>
                         
                     </triUsageTX>
                     <triHideActionsTX>
                         
                     </triHideActionsTX>
                     <triIgnoreActionBL>
                         FALSE
                     </triIgnoreActionBL>
                     <triEnglishOnlyBL>
                         FALSE
                     </triEnglishOnlyBL>
         </BoSectionName>
<Associations><Association><Name><![CDATA[Contains]]></Name><TargetModule><![CDATA[triOslc]]></TargetModule><TargetBo><![CDATA[triOslcPrefixDefinition]]></TargetBo><TargetObjectName><![CDATA[\reserve - http://jazz.net/ns/tririga/reserve#]]></TargetObjectName></Association><Association><Name><![CDATA[Contains]]></Name><TargetModule><![CDATA[triOslc]]></TargetModule><TargetBo><![CDATA[triOslcProperty]]></TargetBo><TargetObjectName><![CDATA[\triLocationTX-ibmReservationDefinitionRS-General]]></TargetObjectName></Association><Association><Name><![CDATA[Contains]]></Name><TargetModule><![CDATA[triOslc]]></TargetModule><TargetBo><![CDATA[triOslcProperty]]></TargetBo><TargetObjectName><![CDATA[\triNameTX-ibmReservationDefinitionRS-General]]></TargetObjectName></Association><Association><Name><![CDATA[Contains]]></Name><TargetModule><![CDATA[triOslc]]></TargetModule><TargetBo><![CDATA[triOslcProperty]]></TargetBo><TargetObjectName><![CDATA[\triOrganizedByTX-ibmReservationDefinitionRS-General]]></TargetObjectName></Association><Association><Name><![CDATA[Contains]]></Name><TargetModule><![CDATA[triOslc]]></TargetModule><TargetBo><![CDATA[triOslcProperty]]></TargetBo><TargetObjectName><![CDATA[\triRecordIdSY-ibmReservationDefinitionRS-General]]></TargetObjectName></Association><Association><Name><![CDATA[Contains]]></Name><TargetModule><![CDATA[triOslc]]></TargetModule><TargetBo><![CDATA[triOslcProperty]]></TargetBo><TargetObjectName><![CDATA[\triRequestedByEmailTX-ibmReservationDefinitionRS-General]]></TargetObjectName></Association><Association><Name><![CDATA[Contains]]></Name><TargetModule><![CDATA[triOslc]]></TargetModule><TargetBo><![CDATA[triOslcProperty]]></TargetBo><TargetObjectName><![CDATA[\triRequestedByFullNameTX-ibmReservationDefinitionRS-General]]></TargetObjectName></Association><Association><Name><![CDATA[Contains]]></Name><TargetModule><![CDATA[triOslc]]></TargetModule><TargetBo><![CDATA[triOslcProperty]]></TargetBo><TargetObjectName><![CDATA[\triRequestedForEmailTX-ibmReservationDefinitionRS-General]]></TargetObjectName></Association><Association><Name><![CDATA[Contains]]></Name><TargetModule><![CDATA[triOslc]]></TargetModule><TargetBo><![CDATA[triOslcProperty]]></TargetBo><TargetObjectName><![CDATA[\triRequestedForFullNameTX-ibmReservationDefinitionRS-General]]></TargetObjectName></Association><Association><Name><![CDATA[Contains]]></Name><TargetModule><![CDATA[triOslc]]></TargetModule><TargetBo><![CDATA[triOslcProperty]]></TargetBo><TargetObjectName><![CDATA[\triReservationIDTX-ibmReservationDefinitionRS-General]]></TargetObjectName></Association></Associations>     </BoRecord>
</BoRecords>
