<?xml version="1.0" encoding="UTF-8"?>
<!-- IBM Confidential OCO Source Materials --><!-- (C) COPYRIGHT IBM CORP. 2011-2021 --><!-- The source code for this program is not published or otherwise divested of its trade secrets, irrespective of what has been deposited with the U.S. Copyright Office. --><BoRecords>     <BoRecord BoId="10023042" RecordId="-1" BoName="ClassLoader" GUIId="10032942" GUIName="ClassLoader" ModuleId="18" ModuleName="System" CompanyId="208133" ParentName="" ActionName="" ObjState="created" SourceId="132630640">
<BoSectionName NameValue="System Info">
                     <Review___Status>
                         
                     </Review___Status>
                     <Prior___State>
                         created
                     </Prior___State>
                     <LocationId>
                         
                     </LocationId>
                     <OrganizationId>
                         
                     </OrganizationId>
                     <GeographyId>
                         
                     </GeographyId>
                     <CreatedBy>
                         221931
                     </CreatedBy>
                     <ModifiedBy>
                         
                     </ModifiedBy>
                     <CreatedTime>
                         1585164542843
                     </CreatedTime>
                     <ModifiedTime>
                         1596556654940
                     </ModifiedTime>
                     <Type>
                         10023042
                     </Type>
                     <Parent>
                         
                     </Parent>
         </BoSectionName>
<BoSectionName NameValue="General">
                     <GeographyName>
                         
                     </GeographyName>
                     <RevisionNU>
                         29
                     </RevisionNU>
                     <RevisionNU_UOM>
                         
                     </RevisionNU_UOM>
                     <ClassLoaderTypeLI>
                         Parent First
                     </ClassLoaderTypeLI>
                     <DescriptionTX>
                         
                     </DescriptionTX>
                     <LastLoadedDT>
                         
                     </LastLoadedDT>
                     <DevModeBL>
                         FALSE
                     </DevModeBL>
                     <LoadedAllResourcesBL>
                         FALSE
                     </LoadedAllResourcesBL>
                     <NameTX>
                         IBM-TRIRIGA-Assistant
                     </NameTX>
                     <LocationName>
                         
                     </LocationName>
                     <RecordIdSY>
                         132630640
                     </RecordIdSY>
                     <OrgName>
                         
                     </OrgName>
         </BoSectionName>
<Associations><Association><Name><![CDATA[Used By]]></Name><TargetModule><![CDATA[System]]></TargetModule><TargetBo><![CDATA[ResourceFile]]></TargetBo><TargetObjectName><![CDATA[\IBM-TRIRIGA-Assistant.jar]]></TargetObjectName></Association><Association><Name><![CDATA[Used By]]></Name><TargetModule><![CDATA[System]]></TargetModule><TargetBo><![CDATA[ResourceFile]]></TargetBo><TargetObjectName><![CDATA[\IBM-TRIRIGA-Assistant.properties]]></TargetObjectName></Association></Associations>     </BoRecord>
</BoRecords>
