<?xml version="1.0" encoding="UTF-8"?>
<!-- IBM Confidential OCO Source Materials --><!-- (C) COPYRIGHT IBM CORP. 2011-2021 --><!-- The source code for this program is not published or otherwise divested of its trade secrets, irrespective of what has been deposited with the U.S. Copyright Office. --><BoRecords>     <BoRecord ObjectLabelName="IBM-WA 1.0.6.1" BoId="10032886" RecordId="-1" BoName="triWebViewFileMeta" GUIId="10045207" GUIName="triWebViewFileMeta" ModuleId="24628" ModuleName="triPlatformMeta" CompanyId="208133" ParentName="" ActionName="" ObjState="triActive" SourceId="132633132">
<BoSectionName NameValue="System Info">
                     <Review___Status>
                         
                     </Review___Status>
                     <Prior___State>
                         triActive
                     </Prior___State>
                     <LocationId>
                         
                     </LocationId>
                     <OrganizationId>
                         
                     </OrganizationId>
                     <GeographyId>
                         
                     </GeographyId>
                     <CreatedBy>
                         132632067
                     </CreatedBy>
                     <ModifiedBy>
                         
                     </ModifiedBy>
                     <CreatedTime>
                         1600365400995
                     </CreatedTime>
                     <ModifiedTime>
                         1612303154390
                     </ModifiedTime>
                     <Type>
                         10032886
                     </Type>
                     <Parent>
                         
                     </Parent>
         </BoSectionName>
<BoSectionName NameValue="General">
                     <triRecordIdSY>
                         132633132
                     </triRecordIdSY>
                     <triLabelTX>
                         
                     </triLabelTX>
                     <triExposedNameTX>
                         mainjs
                     </triExposedNameTX>
                     <triViewFileBI>
                         348578_mainjs
                     </triViewFileBI>
                     <triFilePathTX>
                         /main.js
                     </triFilePathTX>
                     <LocationName>
                         
                     </LocationName>
                     <OrgName>
                         
                     </OrgName>
                     <triVersionTX>
                         1.0.6.1
                     </triVersionTX>
                     <GeographyName>
                         
                     </GeographyName>
                     <triControlNumberCN>
                         5650
                     </triControlNumberCN>
                     <triCreatedDateTimeSY>
                         1600365400000
                     </triCreatedDateTimeSY>
                     <triModifiedDateTimeSY>
                         1612303154390
                     </triModifiedDateTimeSY>
                     <triNameTX>
                         main.js
                     </triNameTX>
                     <triIdTX>
                         5650
                     </triIdTX>
                     <triDescriptionTX>
                         
                     </triDescriptionTX>
                     <triRecordStateSY>
                         triActive
                     </triRecordStateSY>
                     <triRecordNameSY>
                         main.js-5650
                     </triRecordNameSY>
                     <triRecordSnapshotSY>
                         17
                     </triRecordSnapshotSY>
                     <triRecordLabelNameSY>
                         IBM-WA:1.0.6.1
                     </triRecordLabelNameSY>
         </BoSectionName>
<Associations><Association><Name><![CDATA[Is View File For]]></Name><TargetModule><![CDATA[triPlatformMeta]]></TargetModule><TargetBo><![CDATA[triWebViewMeta]]></TargetBo><TargetObjectName><![CDATA[\ibmTriAssistant-ibmTriAssistant]]></TargetObjectName></Association></Associations>     </BoRecord>
</BoRecords>
