<?xml version="1.0" encoding="UTF-8"?>
<!-- IBM Confidential OCO Source Materials --><!-- (C) COPYRIGHT IBM CORP. 2011-2020 --><!-- The source code for this program is not published or otherwise divested of its trade secrets, irrespective of what has been deposited with the U.S. Copyright Office. --><BoRecords>     <BoRecord ObjectLabelName="In Progress 0.0" BoId="10032880" RecordId="-1" BoName="triDataSourceMeta" GUIId="10045208" GUIName="triDataSourceMeta" ModuleId="24628" ModuleName="triPlatformMeta" CompanyId="208133" ParentName="" ActionName="" ObjState="triActive" SourceId="132643222">
<BoSectionName NameValue="System Info">
                     <Review___Status>
                         
                     </Review___Status>
                     <Prior___State>
                         triActive
                     </Prior___State>
                     <LocationId>
                         
                     </LocationId>
                     <OrganizationId>
                         
                     </OrganizationId>
                     <GeographyId>
                         
                     </GeographyId>
                     <CreatedBy>
                         221931
                     </CreatedBy>
                     <ModifiedBy>
                         
                     </ModifiedBy>
                     <CreatedTime>
                         1578523768014
                     </CreatedTime>
                     <ModifiedTime>
                         1578525145070
                     </ModifiedTime>
                     <Type>
                         10032880
                     </Type>
                     <Parent>
                         
                     </Parent>
         </BoSectionName>
<BoSectionName NameValue="General">
                     <triUseSessionBL>
                         FALSE
                     </triUseSessionBL>
                     <triContextSecurityEnabledBL>
                         FALSE
                     </triContextSecurityEnabledBL>
                     <triReadOnlyBL>
                         FALSE
                     </triReadOnlyBL>
                     <triListTypeNameTX>
                         
                     </triListTypeNameTX>
                     <triUomTypeNameTX>
                         
                     </triUomTypeNameTX>
                     <triRecordSnapshotSY>
                         1
                     </triRecordSnapshotSY>
                     <triRecordLabelNameSY>
                         In Progress
                     </triRecordLabelNameSY>
                     <triWorkPlannerStartDateField>
                         
                     </triWorkPlannerStartDateField>
                     <triWorkPlannerWorkingHoursField>
                         
                     </triWorkPlannerWorkingHoursField>
                     <triControlNumberCN>
                         1104
                     </triControlNumberCN>
                     <triCreatedDateTimeSY>
                         1578523768000
                     </triCreatedDateTimeSY>
                     <triModifiedDateTimeSY>
                         1578525145070
                     </triModifiedDateTimeSY>
                     <triNameTX>
                         Current User
                     </triNameTX>
                     <triDsMetaTypeLI>
                         CURRENT_USER
                     </triDsMetaTypeLI>
                     <LocationName>
                         
                     </LocationName>
                     <triRecordIdSY>
                         132643222
                     </triRecordIdSY>
                     <OrgName>
                         
                     </OrgName>
                     <triCreateWorkflowNameTX>
                         
                     </triCreateWorkflowNameTX>
                     <GeographyName>
                         
                     </GeographyName>
                     <triQueryNameTX>
                         
                     </triQueryNameTX>
                     <triRelatedDataSourceTX>
                         
                     </triRelatedDataSourceTX>
                     <triRelatedDsAssociationNameTX>
                         
                     </triRelatedDsAssociationNameTX>
                     <triRecordPrePopulateBL>
                         FALSE
                     </triRecordPrePopulateBL>
                     <triLegacyFormLI>
                         
                     </triLegacyFormLI>
                     <triModuleLI>
                         
                     </triModuleLI>
                     <triBOLI>
                         
                     </triBOLI>
                     <triModelTX>
                         ibmTriAssistant
                     </triModelTX>
                     <triIdTX>
                         1104
                     </triIdTX>
                     <triDescriptionTX>
                         
                     </triDescriptionTX>
                     <triRecordStateSY>
                         triActive
                     </triRecordStateSY>
                     <triRecordNameSY>
                         ibmTriAssistant-Current User-1104
                     </triRecordNameSY>
                     <triSectionNameTX>
                         
                     </triSectionNameTX>
                     <triExposedNameTX>
                         currentUser
                     </triExposedNameTX>
                     <triMultipleRecordsBL>
                         FALSE
                     </triMultipleRecordsBL>
         </BoSectionName>
<Associations><Association><Name><![CDATA[Has Data Source Metadata]]></Name><TargetModule><![CDATA[triPlatformMeta]]></TargetModule><TargetBo><![CDATA[triDataSourceMeta]]></TargetBo><TargetObjectName><![CDATA[\Primary Location-1105]]></TargetObjectName></Association><Association><Name><![CDATA[Has Data Source Field Metadata]]></Name><TargetModule><![CDATA[triPlatformMeta]]></TargetModule><TargetBo><![CDATA[triDsFieldMeta]]></TargetBo><TargetObjectName><![CDATA[\ibmTriAssistant-Current User-1104-First Name-6198]]></TargetObjectName></Association><Association><Name><![CDATA[Has Data Source Field Metadata]]></Name><TargetModule><![CDATA[triPlatformMeta]]></TargetModule><TargetBo><![CDATA[triDsFieldMeta]]></TargetBo><TargetObjectName><![CDATA[\ibmTriAssistant-Current User-1104-Last Name-6199]]></TargetObjectName></Association><Association><Name><![CDATA[Is Nonprimary Data Source Metadata For]]></Name><TargetModule><![CDATA[triPlatformMeta]]></TargetModule><TargetBo><![CDATA[triModelMeta]]></TargetBo><TargetObjectName><![CDATA[\ibmTriAssistant]]></TargetObjectName></Association></Associations>     </BoRecord>
</BoRecords>
