<?xml version="1.0" encoding="UTF-8"?>
<!-- IBM Confidential OCO Source Materials --><!-- (C) COPYRIGHT IBM CORP. 2011-2020 --><!-- The source code for this program is not published or otherwise divested of its trade secrets, irrespective of what has been deposited with the U.S. Copyright Office. --><BoRecords>     <BoRecord ObjectLabelName="In Progress 0.0" BoId="10032885" RecordId="-1" BoName="triDsFieldMeta" GUIId="10045202" GUIName="triDsFieldMeta" ModuleId="24628" ModuleName="triPlatformMeta" CompanyId="208133" ParentName="" ActionName="" ObjState="triActive" SourceId="132643228">
<BoSectionName NameValue="System Info">
                     <Review___Status>
                         
                     </Review___Status>
                     <Prior___State>
                         
                     </Prior___State>
                     <LocationId>
                         
                     </LocationId>
                     <OrganizationId>
                         
                     </OrganizationId>
                     <GeographyId>
                         
                     </GeographyId>
                     <CreatedBy>
                         221931
                     </CreatedBy>
                     <ModifiedBy>
                         
                     </ModifiedBy>
                     <CreatedTime>
                         1578524624222
                     </CreatedTime>
                     <ModifiedTime>
                         1578525145170
                     </ModifiedTime>
                     <Type>
                         10032885
                     </Type>
                     <Parent>
                         
                     </Parent>
         </BoSectionName>
<BoSectionName NameValue="General">
                     <triRecordStateSY>
                         triActive
                     </triRecordStateSY>
                     <triRecordNameSY>
                         ibmTriAssistant-Current User-1104-Last Name-6199
                     </triRecordNameSY>
                     <triRecordIdSY>
                         132643228
                     </triRecordIdSY>
                     <triModuleLI>
                         
                     </triModuleLI>
                     <triControlNumberCN>
                         6199
                     </triControlNumberCN>
                     <LocationName>
                         
                     </LocationName>
                     <triCreatedDateTimeSY>
                         1578524624000
                     </triCreatedDateTimeSY>
                     <OrgName>
                         
                     </OrgName>
                     <triModifiedDateTimeSY>
                         1578525145170
                     </triModifiedDateTimeSY>
                     <GeographyName>
                         
                     </GeographyName>
                     <triNameTX>
                         Last Name
                     </triNameTX>
                     <triFieldNameTX>
                         triLastNameTX
                     </triFieldNameTX>
                     <triDataSourceTX>
                         ibmTriAssistant-Current User-1104
                     </triDataSourceTX>
                     <triIdTX>
                         6199
                     </triIdTX>
                     <triBOLI>
                         
                     </triBOLI>
                     <triFieldLI>
                         
                     </triFieldLI>
                     <triSectionLI>
                         
                     </triSectionLI>
                     <triModelTX>
                         ibmTriAssistant
                     </triModelTX>
                     <triDataTypeLI>
                         STRING
                     </triDataTypeLI>
                     <triExposedNameTX>
                         lastName
                     </triExposedNameTX>
                     <triReadOnlyBL>
                         FALSE
                     </triReadOnlyBL>
                     <triInternalValueBL>
                         FALSE
                     </triInternalValueBL>
                     <triRecordSnapshotSY>
                         1
                     </triRecordSnapshotSY>
                     <triRecordLabelNameSY>
                         In Progress
                     </triRecordLabelNameSY>
         </BoSectionName>
<Associations><Association><Name><![CDATA[Is Data Source Field Metadata For]]></Name><TargetModule><![CDATA[triPlatformMeta]]></TargetModule><TargetBo><![CDATA[triDataSourceMeta]]></TargetBo><TargetObjectName><![CDATA[\ibmTriAssistant-Current User-1104]]></TargetObjectName></Association></Associations>     </BoRecord>
</BoRecords>
