<?xml version="1.0" encoding="UTF-8"?>
<!-- IBM Confidential OCO Source Materials --><!-- (C) COPYRIGHT IBM CORP. 2011-2020 --><!-- The source code for this program is not published or otherwise divested of its trade secrets, irrespective of what has been deposited with the U.S. Copyright Office. --><GUI><GUIHeader AssocTab="0" Sched="0" Type="0" Audit="0" AuditAction="0" Approval="0" SingTab="1" WFTab="0" PrintTab="0" Default="1" ExcelCal="0" AllowBookmarkCreate="0" AllowBookmarkSpecific="0" PopupHeight="0" PopupWidth="0"><ObjectLabelName><![CDATA[In Progress 0.0]]></ObjectLabelName><Module><![CDATA[ibmAppServices]]></Module><BoName><![CDATA[ibmProvisionResponse]]></BoName><Name><![CDATA[ibmProvisionResponseForm]]></Name><Label><![CDATA[TRIRIGA Assistant Provisioning Response Form]]></Label><Description /><UpdatedBy><![CDATA[Bhargava, Neil - 1000371]]></UpdatedBy></GUIHeader><Tabs><Tab TId="1" Seq="1" Visible="1" Custom="0"><TName><![CDATA[ibmProvisioningResponseTab]]></TName><TLabel><![CDATA[TRIRIGA Assistant Provisioning Response]]></TLabel><THeader /><TComment /><TURL /><AccessKey /><TStyle><![CDATA[tabStyle1]]></TStyle><Sections><Section SId="1" Type="0" Seq="0" SRow="1" SCol="1" RSpan="1" CSpan="12" Visible="1" ROnly="0" ShowEmbeddedLink="0" ParentSecId="-1" ShowHdr="1" BorderSize="0" Height="0" Input="0" ShowAdd="0" FinRep="0" SingleSelect="0" SelectAssociationTemp="0" RefreshTime="0" FixedColCnt="0" HierarchyFieldsSection="0" ComparisonSection="0" PrinterFriendlyLink="0" SmartQueryFormat="0" Orientation="0" MaxViewMode="16" ViewModesEnabled="150" DefaultViewMode="16" ShowTimeSelector="0" EnableTimeSelectorEdit="0" EnableResourceSelect="0" ResourceSelectCreateAssociation="0" lockGraphicTheme="0" autoZoom="0" zoomPercent="100" zoomDelay="0" allowDelete="1" LoadAppletWhenSectionLoads="1"><Name><![CDATA[General]]></Name><Label><![CDATA[General]]></Label><Association /><SelectAssociation /><DDSecName /><BGround /><TitleColor /><BorderColor /><SStyle><![CDATA[sectionStyle1]]></SStyle><ComparisonAssociation /><CalendarSetName /><contextOverride /><ThemeName /><Fields><Field FId="1" SRow="1" RSpan="1" SCol="1" CSpan="1" NoLabel="0" Size="-1" ROnly="0" Border="0" Visible="1" ShowUom="0" GroupSeq="0" Width="0" TabOrder="0" MinSize="0" MaxSize="0" FldPos="2" DAlign="0" UIType="-1" AtrSeq="1001" IconPos="0" ScoreType="0" HierarchicalParentFieldId="0" DefaultHierarchicalState="0" DeltaType="0" DeltaPrecision="0" UseCustomDisplay="0" ColumnUse="0" TextNoWrap="1" SmartSectionLocatorEnabled="0"><Name><![CDATA[cstProvisioningResponse]]></Name><Type><![CDATA[Text]]></Type><Label><![CDATA[TRIRIGA Assistant Provisioning Response]]></Label><Required><![CDATA[N]]></Required><DDFieldName><![CDATA[cstProvisioningResponse]]></DDFieldName><DDFldSecName><![CDATA[General]]></DDFldSecName><LFont><![CDATA[Trebuchet MS]]></LFont><LColor><![CDATA[#000000]]></LColor><LSize><![CDATA[10]]></LSize><LWeight><![CDATA[bold]]></LWeight><SubType><![CDATA[undefined]]></SubType><Format><![CDATA[undefined]]></Format><LabStyle><![CDATA[labelStyleClass1]]></LabStyle><DataStyle><![CDATA[dataStyleClass1]]></DataStyle><Prefix /><FldColor /><SubLabelStyle /><DisplayMask><![CDATA[#.####]]></DisplayMask><DurationDisplayTokens /></Field></Fields></Section></Sections></Tab></Tabs><StateTransitions><StateTransition CloseScr="0" Display="1" ReadOnly="0" Seq="0" StateSeq="0" NStateSeq="0" TabId="0" SecAction="0"><State><![CDATA[null]]></State><Action><![CDATA[triCreate]]></Action><NState><![CDATA[triCreated]]></NState><ActLabel><![CDATA[Create]]></ActLabel><AccessKey /></StateTransition><StateTransition CloseScr="1" Display="1" ReadOnly="1" Seq="1" StateSeq="1" NStateSeq="0" TabId="0" SecAction="0"><State><![CDATA[triCreated]]></State><Action><![CDATA[triDelete]]></Action><NState><![CDATA[null]]></NState><ActLabel><![CDATA[Delete]]></ActLabel><AccessKey /></StateTransition><StateTransition CloseScr="0" Display="1" ReadOnly="0" Seq="2" StateSeq="1" NStateSeq="0" TabId="0" SecAction="0"><State><![CDATA[triCreated]]></State><Action><![CDATA[triSetup]]></Action><NState><![CDATA[triCreated]]></NState><ActLabel><![CDATA[Setup]]></ActLabel><AccessKey /></StateTransition><StateTransition CloseScr="0" Display="1" ReadOnly="0" Seq="3" StateSeq="1" NStateSeq="0" TabId="0" SecAction="0"><State><![CDATA[triCreated]]></State><Action><![CDATA[triTeardown]]></Action><NState><![CDATA[triCreated]]></NState><ActLabel><![CDATA[Teardown]]></ActLabel><AccessKey /></StateTransition></StateTransitions></GUI>
