<?xml version="1.0" encoding="UTF-8"?>
<!-- IBM Confidential OCO Source Materials --><!-- (C) COPYRIGHT IBM CORP. 2011-2020 --><!-- The source code for this program is not published or otherwise divested of its trade secrets, irrespective of what has been deposited with the U.S. Copyright Office. --><Query><Header Scope="0" TagIdentifier="null" Type="1" RandomCnt="0" FixedColCnt="0" ResultSize="0" ColorBy="0" ShowInWebGraphics="1" SumAllForColorBy="0" DScope="0" Editable="0" GraphType="1" DisplayLegend="1" EnableProjectSwitch="0" ChildColumnDisplay="0" SystemFlag="1" TrackHistory="0"><ObjectLabelName><![CDATA[In Progress 0.0]]></ObjectLabelName><Name><![CDATA[triSpace - WAS - Mobile - Resource - Reservable Meeting Spaces]]></Name><Module><![CDATA[Location]]></Module><BO><![CDATA[triSpace]]></BO><Number /><Description /><HeaderStr><![CDATA[Reservable Meeting Spaces]]></HeaderStr><PromptBeforeQuery><![CDATA[0]]></PromptBeforeQuery><Queued><![CDATA[0]]></Queued><XTitle /><YTitle /><RecState /><TabularOutput><![CDATA[0]]></TabularOutput><AssociatedField /><UpdatedBy><![CDATA[Dugger, Troy - 1000370]]></UpdatedBy><ScorecardTargetOption><![CDATA[0]]></ScorecardTargetOption></Header><Bos><BO><Name><![CDATA[triSpace]]></Name><Module><![CDATA[Location]]></Module><DSID><![CDATA[0]]></DSID></BO></Bos><Columns><Column Type="1" DType="320" FiltType="0" Seq="0" ConditionalFilter="0" FilterLocalizedData="0"><SecName><![CDATA[RecordInformation]]></SecName><SecondarySecName /><FldLabel><![CDATA[ID]]></FldLabel><FldName><![CDATA[triIdTX]]></FldName><FiltVAl /><NumOpenParens><![CDATA[0]]></NumOpenParens><NumCloseParens><![CDATA[0]]></NumCloseParens><BooleanOperatorType><![CDATA[0]]></BooleanOperatorType><groupDatesBy><![CDATA[0]]></groupDatesBy><sourceTabularRepName /><LegendColumn><![CDATA[0]]></LegendColumn><defaultFlag><![CDATA[0]]></defaultFlag><DSID><![CDATA[0]]></DSID></Column><Column Type="1" DType="320" FiltType="0" Seq="1" ConditionalFilter="0" FilterLocalizedData="0"><SecName><![CDATA[RecordInformation]]></SecName><SecondarySecName /><FldLabel><![CDATA[System Record ID]]></FldLabel><FldName><![CDATA[triRecordIdSY]]></FldName><FiltVAl /><NumOpenParens><![CDATA[0]]></NumOpenParens><NumCloseParens><![CDATA[0]]></NumCloseParens><BooleanOperatorType><![CDATA[0]]></BooleanOperatorType><groupDatesBy><![CDATA[0]]></groupDatesBy><sourceTabularRepName /><LegendColumn><![CDATA[0]]></LegendColumn><defaultFlag><![CDATA[0]]></defaultFlag><DSID><![CDATA[0]]></DSID></Column><Column Type="1" DType="320" FiltType="0" Seq="2" ConditionalFilter="0" FilterLocalizedData="0"><SecName><![CDATA[RecordInformation]]></SecName><SecondarySecName /><FldLabel><![CDATA[Record Name System]]></FldLabel><FldName><![CDATA[triRecordNameSY]]></FldName><FiltVAl /><NumOpenParens><![CDATA[0]]></NumOpenParens><NumCloseParens><![CDATA[0]]></NumCloseParens><BooleanOperatorType><![CDATA[0]]></BooleanOperatorType><groupDatesBy><![CDATA[0]]></groupDatesBy><sourceTabularRepName /><LegendColumn><![CDATA[0]]></LegendColumn><defaultFlag><![CDATA[0]]></defaultFlag><DSID><![CDATA[0]]></DSID></Column><Column Type="1" DType="320" FiltType="0" Seq="3" ConditionalFilter="0" FilterLocalizedData="0"><SecName><![CDATA[System Info]]></SecName><SecondarySecName /><FldLabel><![CDATA[Parent]]></FldLabel><FldName><![CDATA[Parent]]></FldName><FiltVAl /><NumOpenParens><![CDATA[0]]></NumOpenParens><NumCloseParens><![CDATA[0]]></NumCloseParens><BooleanOperatorType><![CDATA[0]]></BooleanOperatorType><groupDatesBy><![CDATA[0]]></groupDatesBy><sourceTabularRepName /><LegendColumn><![CDATA[0]]></LegendColumn><defaultFlag><![CDATA[0]]></defaultFlag><DSID><![CDATA[0]]></DSID></Column><Column Type="1" DType="320" FiltType="0" Seq="4" ConditionalFilter="0" FilterLocalizedData="0"><SecName><![CDATA[RecordInformation]]></SecName><SecondarySecName /><FldLabel><![CDATA[Bar Code Entry]]></FldLabel><FldName><![CDATA[triBarCodeEntryTX]]></FldName><FiltVAl /><NumOpenParens><![CDATA[0]]></NumOpenParens><NumCloseParens><![CDATA[0]]></NumCloseParens><BooleanOperatorType><![CDATA[0]]></BooleanOperatorType><groupDatesBy><![CDATA[0]]></groupDatesBy><sourceTabularRepName /><LegendColumn><![CDATA[0]]></LegendColumn><defaultFlag><![CDATA[0]]></defaultFlag><DSID><![CDATA[0]]></DSID></Column><Column Type="1" DType="320" FiltType="0" Seq="5" ConditionalFilter="0" FilterLocalizedData="0"><SecName><![CDATA[RecordInformation]]></SecName><SecondarySecName /><FldLabel><![CDATA[Name]]></FldLabel><FldName><![CDATA[triNameTX]]></FldName><FiltVAl /><NumOpenParens><![CDATA[0]]></NumOpenParens><NumCloseParens><![CDATA[0]]></NumCloseParens><BooleanOperatorType><![CDATA[0]]></BooleanOperatorType><groupDatesBy><![CDATA[0]]></groupDatesBy><sourceTabularRepName /><LegendColumn><![CDATA[0]]></LegendColumn><defaultFlag><![CDATA[0]]></defaultFlag><DSID><![CDATA[0]]></DSID></Column><Column Type="1" DType="320" FiltType="0" Seq="6" ConditionalFilter="0" FilterLocalizedData="0"><SecName><![CDATA[RecordInformation]]></SecName><SecondarySecName /><FldLabel><![CDATA[Parent Building]]></FldLabel><FldName><![CDATA[triParentBuildingTX]]></FldName><FiltVAl /><NumOpenParens><![CDATA[0]]></NumOpenParens><NumCloseParens><![CDATA[0]]></NumCloseParens><BooleanOperatorType><![CDATA[0]]></BooleanOperatorType><groupDatesBy><![CDATA[0]]></groupDatesBy><sourceTabularRepName /><LegendColumn><![CDATA[0]]></LegendColumn><defaultFlag><![CDATA[0]]></defaultFlag><DSID><![CDATA[0]]></DSID></Column><Column Type="1" DType="320" FiltType="0" Seq="7" ConditionalFilter="0" FilterLocalizedData="0"><SecName><![CDATA[RecordInformation]]></SecName><SecondarySecName /><FldLabel><![CDATA[Parent Floor]]></FldLabel><FldName><![CDATA[triParentFloorTX]]></FldName><FiltVAl /><NumOpenParens><![CDATA[0]]></NumOpenParens><NumCloseParens><![CDATA[0]]></NumCloseParens><BooleanOperatorType><![CDATA[0]]></BooleanOperatorType><groupDatesBy><![CDATA[0]]></groupDatesBy><sourceTabularRepName /><LegendColumn><![CDATA[0]]></LegendColumn><defaultFlag><![CDATA[0]]></defaultFlag><DSID><![CDATA[0]]></DSID></Column><Column Type="1" DType="320" FiltType="0" Seq="8" ConditionalFilter="0" FilterLocalizedData="0"><SecName><![CDATA[RecordInformation]]></SecName><SecondarySecName /><FldLabel><![CDATA[Name]]></FldLabel><FldName><![CDATA[triReserveNameTX]]></FldName><FiltVAl /><NumOpenParens><![CDATA[0]]></NumOpenParens><NumCloseParens><![CDATA[0]]></NumCloseParens><BooleanOperatorType><![CDATA[0]]></BooleanOperatorType><groupDatesBy><![CDATA[0]]></groupDatesBy><sourceTabularRepName /><LegendColumn><![CDATA[0]]></LegendColumn><defaultFlag><![CDATA[0]]></defaultFlag><DSID><![CDATA[0]]></DSID></Column><Column Type="5" DType="320" FiltType="16" Seq="0" ConditionalFilter="0" FilterLocalizedData="0"><SecName><![CDATA[RecordInformation]]></SecName><SecondarySecName /><FldLabel><![CDATA[Name]]></FldLabel><FldName><![CDATA[triNameTX]]></FldName><FiltVAl><![CDATA[$$RUNTIME$$]]></FiltVAl><NumOpenParens><![CDATA[0]]></NumOpenParens><NumCloseParens><![CDATA[0]]></NumCloseParens><BooleanOperatorType><![CDATA[0]]></BooleanOperatorType><groupDatesBy><![CDATA[0]]></groupDatesBy><sourceTabularRepName /><LegendColumn><![CDATA[0]]></LegendColumn><defaultFlag><![CDATA[0]]></defaultFlag><DSID><![CDATA[0]]></DSID></Column><Column Type="5" DType="320" FiltType="16" Seq="1" ConditionalFilter="0" FilterLocalizedData="0"><SecName><![CDATA[RecordInformation]]></SecName><SecondarySecName /><FldLabel><![CDATA[Parent Building]]></FldLabel><FldName><![CDATA[triParentBuildingTX]]></FldName><FiltVAl><![CDATA[$$RUNTIME$$]]></FiltVAl><NumOpenParens><![CDATA[0]]></NumOpenParens><NumCloseParens><![CDATA[0]]></NumCloseParens><BooleanOperatorType><![CDATA[0]]></BooleanOperatorType><groupDatesBy><![CDATA[0]]></groupDatesBy><sourceTabularRepName /><LegendColumn><![CDATA[0]]></LegendColumn><defaultFlag><![CDATA[0]]></defaultFlag><DSID><![CDATA[0]]></DSID></Column><Column Type="5" DType="320" FiltType="16" Seq="2" ConditionalFilter="0" FilterLocalizedData="0"><SecName><![CDATA[RecordInformation]]></SecName><SecondarySecName /><FldLabel><![CDATA[Parent Floor]]></FldLabel><FldName><![CDATA[triParentFloorTX]]></FldName><FiltVAl><![CDATA[$$RUNTIME$$]]></FiltVAl><NumOpenParens><![CDATA[0]]></NumOpenParens><NumCloseParens><![CDATA[0]]></NumCloseParens><BooleanOperatorType><![CDATA[0]]></BooleanOperatorType><groupDatesBy><![CDATA[0]]></groupDatesBy><sourceTabularRepName /><LegendColumn><![CDATA[0]]></LegendColumn><defaultFlag><![CDATA[0]]></defaultFlag><DSID><![CDATA[0]]></DSID></Column></Columns></Query>
