<?xml version="1.0" encoding="UTF-8"?>
<!-- IBM Confidential OCO Source Materials --><!-- (C) COPYRIGHT IBM CORP. 2011-2020 --><!-- The source code for this program is not published or otherwise divested of its trade secrets, irrespective of what has been deposited with the U.S. Copyright Office. --><Query><Header Scope="0" TagIdentifier="null" Type="1" RandomCnt="0" FixedColCnt="0" ResultSize="0" ColorBy="0" ShowInWebGraphics="1" SumAllForColorBy="0" DScope="1" Editable="0" GraphType="1" DisplayLegend="1" EnableProjectSwitch="0" ChildColumnDisplay="0" SystemFlag="2" TrackHistory="0"><ObjectLabelName><![CDATA[In Progress 0.0]]></ObjectLabelName><Name><![CDATA[Location - triSpace - find - WAprovisioningData]]></Name><Module><![CDATA[Location]]></Module><BO><![CDATA[triSpace]]></BO><Number><![CDATA[REPORT]]></Number><Description /><HeaderStr><![CDATA[WA Provisioning Buildings and Rooms]]></HeaderStr><PromptBeforeQuery><![CDATA[0]]></PromptBeforeQuery><Queued><![CDATA[0]]></Queued><XTitle /><YTitle /><RecState /><TabularOutput><![CDATA[0]]></TabularOutput><AssociatedField /><UpdatedBy><![CDATA[Bhargava, Neil - 1000371]]></UpdatedBy><ScorecardTargetOption><![CDATA[0]]></ScorecardTargetOption></Header><Bos><BO><Name><![CDATA[triSpace]]></Name><Module><![CDATA[Location]]></Module><DSID><![CDATA[0]]></DSID></BO></Bos><Columns><Column Type="1" DType="320" FiltType="0" Seq="0" ConditionalFilter="0" FilterLocalizedData="0"><SecName><![CDATA[RecordInformation]]></SecName><SecondarySecName /><FldLabel><![CDATA[Name]]></FldLabel><FldName><![CDATA[triNameTX]]></FldName><FiltVAl /><NumOpenParens><![CDATA[0]]></NumOpenParens><NumCloseParens><![CDATA[0]]></NumCloseParens><BooleanOperatorType><![CDATA[0]]></BooleanOperatorType><groupDatesBy><![CDATA[0]]></groupDatesBy><sourceTabularRepName /><LegendColumn><![CDATA[0]]></LegendColumn><defaultFlag><![CDATA[0]]></defaultFlag><DSID><![CDATA[0]]></DSID></Column><Column Type="1" DType="320" FiltType="0" Seq="1" ConditionalFilter="0" FilterLocalizedData="0"><SecName><![CDATA[RecordInformation]]></SecName><SecondarySecName /><FldLabel><![CDATA[Parent Building]]></FldLabel><FldName><![CDATA[triParentBuildingTX]]></FldName><FiltVAl /><NumOpenParens><![CDATA[0]]></NumOpenParens><NumCloseParens><![CDATA[0]]></NumCloseParens><BooleanOperatorType><![CDATA[0]]></BooleanOperatorType><groupDatesBy><![CDATA[0]]></groupDatesBy><sourceTabularRepName /><LegendColumn><![CDATA[0]]></LegendColumn><defaultFlag><![CDATA[0]]></defaultFlag><DSID><![CDATA[0]]></DSID></Column><Column Type="3" DType="320" FiltType="0" Seq="0" ConditionalFilter="0" FilterLocalizedData="0"><SecName><![CDATA[RecordInformation]]></SecName><SecondarySecName /><FldLabel><![CDATA[Name]]></FldLabel><FldName><![CDATA[triNameTX]]></FldName><FiltVAl /><NumOpenParens><![CDATA[0]]></NumOpenParens><NumCloseParens><![CDATA[0]]></NumCloseParens><BooleanOperatorType><![CDATA[0]]></BooleanOperatorType><groupDatesBy><![CDATA[0]]></groupDatesBy><sourceTabularRepName /><LegendColumn><![CDATA[0]]></LegendColumn><defaultFlag><![CDATA[0]]></defaultFlag><DSID><![CDATA[0]]></DSID></Column><Column Type="3" DType="320" FiltType="0" Seq="1" ConditionalFilter="0" FilterLocalizedData="0"><SecName><![CDATA[RecordInformation]]></SecName><SecondarySecName /><FldLabel><![CDATA[Parent Building]]></FldLabel><FldName><![CDATA[triParentBuildingTX]]></FldName><FiltVAl /><NumOpenParens><![CDATA[0]]></NumOpenParens><NumCloseParens><![CDATA[0]]></NumCloseParens><BooleanOperatorType><![CDATA[0]]></BooleanOperatorType><groupDatesBy><![CDATA[0]]></groupDatesBy><sourceTabularRepName /><LegendColumn><![CDATA[0]]></LegendColumn><defaultFlag><![CDATA[0]]></defaultFlag><DSID><![CDATA[0]]></DSID></Column><Column Type="5" DType="320" FiltType="16" Seq="0" ConditionalFilter="0" FilterLocalizedData="0"><SecName><![CDATA[RecordInformation]]></SecName><SecondarySecName /><FldLabel><![CDATA[Name]]></FldLabel><FldName><![CDATA[triNameTX]]></FldName><FiltVAl><![CDATA[$$RUNTIME$$]]></FiltVAl><NumOpenParens><![CDATA[0]]></NumOpenParens><NumCloseParens><![CDATA[0]]></NumCloseParens><BooleanOperatorType><![CDATA[0]]></BooleanOperatorType><groupDatesBy><![CDATA[0]]></groupDatesBy><sourceTabularRepName /><LegendColumn><![CDATA[0]]></LegendColumn><defaultFlag><![CDATA[0]]></defaultFlag><DSID><![CDATA[0]]></DSID></Column><Column Type="5" DType="320" FiltType="16" Seq="1" ConditionalFilter="0" FilterLocalizedData="0"><SecName><![CDATA[triCurrentSpaceClass]]></SecName><SecondarySecName /><FldLabel><![CDATA[Current Use Space Class]]></FldLabel><FldName><![CDATA[triNameTX]]></FldName><FiltVAl><![CDATA[$$RUNTIME$$]]></FiltVAl><NumOpenParens><![CDATA[0]]></NumOpenParens><NumCloseParens><![CDATA[0]]></NumCloseParens><BooleanOperatorType><![CDATA[0]]></BooleanOperatorType><groupDatesBy><![CDATA[0]]></groupDatesBy><sourceTabularRepName /><LegendColumn><![CDATA[0]]></LegendColumn><defaultFlag><![CDATA[0]]></defaultFlag><DSID><![CDATA[0]]></DSID></Column><Column Type="5" DType="320" FiltType="16" Seq="2" ConditionalFilter="0" FilterLocalizedData="0"><SecName><![CDATA[RecordInformation]]></SecName><SecondarySecName /><FldLabel><![CDATA[Parent Building]]></FldLabel><FldName><![CDATA[triParentBuildingTX]]></FldName><FiltVAl><![CDATA[$$RUNTIME$$]]></FiltVAl><NumOpenParens><![CDATA[0]]></NumOpenParens><NumCloseParens><![CDATA[0]]></NumCloseParens><BooleanOperatorType><![CDATA[0]]></BooleanOperatorType><groupDatesBy><![CDATA[0]]></groupDatesBy><sourceTabularRepName /><LegendColumn><![CDATA[0]]></LegendColumn><defaultFlag><![CDATA[0]]></defaultFlag><DSID><![CDATA[0]]></DSID></Column><Column Type="5" DType="320" FiltType="16" Seq="3" ConditionalFilter="0" FilterLocalizedData="0"><SecName><![CDATA[RecordInformation]]></SecName><SecondarySecName /><FldLabel><![CDATA[Reservation Class]]></FldLabel><FldName><![CDATA[triParentFloorTX]]></FldName><FiltVAl><![CDATA[$$RUNTIME$$]]></FiltVAl><NumOpenParens><![CDATA[0]]></NumOpenParens><NumCloseParens><![CDATA[0]]></NumCloseParens><BooleanOperatorType><![CDATA[0]]></BooleanOperatorType><groupDatesBy><![CDATA[0]]></groupDatesBy><sourceTabularRepName /><LegendColumn><![CDATA[0]]></LegendColumn><defaultFlag><![CDATA[0]]></defaultFlag><DSID><![CDATA[0]]></DSID></Column><Column Type="5" DType="320" FiltType="10" Seq="4" ConditionalFilter="0" FilterLocalizedData="0"><SecName><![CDATA[triCurrentSpaceClass]]></SecName><SecondarySecName /><FldLabel><![CDATA[Current Use Space Class]]></FldLabel><FldName><![CDATA[triNameTX]]></FldName><FiltVAl><![CDATA[Meeting]]></FiltVAl><NumOpenParens><![CDATA[0]]></NumOpenParens><NumCloseParens><![CDATA[0]]></NumCloseParens><BooleanOperatorType><![CDATA[0]]></BooleanOperatorType><groupDatesBy><![CDATA[0]]></groupDatesBy><sourceTabularRepName /><LegendColumn><![CDATA[0]]></LegendColumn><defaultFlag><![CDATA[0]]></defaultFlag><DSID><![CDATA[0]]></DSID></Column><Column Type="5" DType="320" FiltType="16" Seq="5" ConditionalFilter="0" FilterLocalizedData="0"><SecName><![CDATA[RecordInformation]]></SecName><SecondarySecName /><FldLabel><![CDATA[Reservable]]></FldLabel><FldName><![CDATA[SysReserveFlag]]></FldName><FiltVAl><![CDATA[TRUE]]></FiltVAl><NumOpenParens><![CDATA[0]]></NumOpenParens><NumCloseParens><![CDATA[0]]></NumCloseParens><BooleanOperatorType><![CDATA[0]]></BooleanOperatorType><groupDatesBy><![CDATA[0]]></groupDatesBy><sourceTabularRepName /><LegendColumn><![CDATA[0]]></LegendColumn><defaultFlag><![CDATA[0]]></defaultFlag><DSID><![CDATA[0]]></DSID></Column></Columns><CActions><CAction Seq="0" ActType="7" PopupFlag="0" SecActionFlag="0"><ActName><![CDATA[cstRunUpdate]]></ActName><ActLabel><![CDATA[cstRunUpdate]]></ActLabel><PermAssoc /><WFName><![CDATA[cst - triSpace - Synchronous - Update columns]]></WFName><WFBo><![CDATA[triSpace]]></WFBo><WFMod><![CDATA[Location]]></WFMod></CAction></CActions></Query>
