<?xml version="1.0" encoding="UTF-8"?>
<!-- IBM Confidential OCO Source Materials --><!-- (C) COPYRIGHT IBM CORP. 2011-2020 --><!-- The source code for this program is not published or otherwise divested of its trade secrets, irrespective of what has been deposited with the U.S. Copyright Office. --><BoRecords>     <BoRecord BoId="10030383" RecordId="-1" BoName="triOslcLinkedResource" GUIId="10043097" GUIName="triOslcLinkedResource" ModuleId="23828" ModuleName="triOslc" CompanyId="208133" ParentName="" ActionName="" ObjState="created" SourceId="132639724">
<BoSectionName NameValue="System Info">
                     <Review___Status>
                         
                     </Review___Status>
                     <Prior___State>
                         created
                     </Prior___State>
                     <LocationId>
                         
                     </LocationId>
                     <OrganizationId>
                         
                     </OrganizationId>
                     <GeographyId>
                         
                     </GeographyId>
                     <CreatedBy>
                         221931
                     </CreatedBy>
                     <ModifiedBy>
                         
                     </ModifiedBy>
                     <CreatedTime>
                         1574794558745
                     </CreatedTime>
                     <ModifiedTime>
                         1580828342760
                     </ModifiedTime>
                     <Type>
                         10030383
                     </Type>
                     <Parent>
                         
                     </Parent>
         </BoSectionName>
<BoSectionName NameValue="General">
                     <GeographyName>
                         
                     </GeographyName>
                     <triLinkedResourceTX>
                         ibmReservationInstanceRS
                     </triLinkedResourceTX>
                     <triRepresentationLI>
                         Reference
                     </triRepresentationLI>
                     <triOslcOccursLI>
                         Zero or Many
                     </triOslcOccursLI>
                     <triNamespaceTX>
                         http://jazz.net/ns/tririga/reserve#
                     </triNamespaceTX>
                     <triNameTX>
                         Reservations
                     </triNameTX>
                     <triRecordIdSY>
                         132639724
                     </triRecordIdSY>
                     <triModifiedDateTimeNumberSY>
                         1580828342760
                     </triModifiedDateTimeNumberSY>
                     <LocationName>
                         
                     </LocationName>
                     <triIdTX>
                         triReservationServiceReservations
                     </triIdTX>
                     <OrgName>
                         
                     </OrgName>
                     <triAssociationStringLI>
                         Associated To
                     </triAssociationStringLI>
         </BoSectionName>
<Associations><Association><Name><![CDATA[Is Contained By]]></Name><TargetModule><![CDATA[triOslc]]></TargetModule><TargetBo><![CDATA[triOslcShape]]></TargetBo><TargetObjectName><![CDATA[\ibmReservationServiceRS]]></TargetObjectName></Association><Association><Name><![CDATA[Is Contained By]]></Name><TargetModule><![CDATA[triOslc]]></TargetModule><TargetBo><![CDATA[triOslcShape]]></TargetBo><TargetObjectName><![CDATA[\ibmSpaceRS]]></TargetObjectName></Association><Association><Name><![CDATA[Is Contained By]]></Name><TargetModule><![CDATA[triOslc]]></TargetModule><TargetBo><![CDATA[triOslcShape]]></TargetBo><TargetObjectName><![CDATA[\ibmReservationServiceRS]]></TargetObjectName></Association><Association><Name><![CDATA[Has Reference Only]]></Name><TargetModule><![CDATA[triOslc]]></TargetModule><TargetBo><![CDATA[triOslcShape]]></TargetBo><TargetObjectName><![CDATA[\ibmReservationInstanceRS]]></TargetObjectName></Association><Association><Name><![CDATA[Is Contained By]]></Name><TargetModule><![CDATA[triOslc]]></TargetModule><TargetBo><![CDATA[triOslcShape]]></TargetBo><TargetObjectName><![CDATA[\ibmSpaceRS]]></TargetObjectName></Association><Association><Name><![CDATA[Contains]]></Name><TargetModule><![CDATA[triOslc]]></TargetModule><TargetBo><![CDATA[triOslcPrefixDefinition]]></TargetBo><TargetObjectName><![CDATA[\reserve - http://jazz.net/ns/tririga/reserve#]]></TargetObjectName></Association></Associations>     </BoRecord>
</BoRecords>
