<?xml version="1.0" encoding="UTF-8"?>
<!-- IBM Confidential OCO Source Materials --><!-- (C) COPYRIGHT IBM CORP. 2011-2020 --><!-- The source code for this program is not published or otherwise divested of its trade secrets, irrespective of what has been deposited with the U.S. Copyright Office. --><BoRecords>     <BoRecord BoId="10035980" RecordId="-1" BoName="ibmAssistantProvisionOrder" GUIId="10048399" GUIName="ibmAssistantProvisionOrderForm" ModuleId="25430" ModuleName="ibmAppServices" CompanyId="208133" ParentName="" ActionName="" ObjState="triCreated" SourceId="132654790">
<BoSectionName NameValue="System Info">
                     <Review___Status>
                         
                     </Review___Status>
                     <Prior___State>
                         triCreated
                     </Prior___State>
                     <LocationId>
                         
                     </LocationId>
                     <OrganizationId>
                         
                     </OrganizationId>
                     <GeographyId>
                         
                     </GeographyId>
                     <CreatedBy>
                         132643438
                     </CreatedBy>
                     <ModifiedBy>
                         
                     </ModifiedBy>
                     <CreatedTime>
                         1583954372173
                     </CreatedTime>
                     <ModifiedTime>
                         1585666274070
                     </ModifiedTime>
                     <Type>
                         10035980
                     </Type>
                     <Parent>
                         
                     </Parent>
         </BoSectionName>
<BoSectionName NameValue="General">
                     <GeographyName>
                     </GeographyName>
                     <triUserMessageTX>
                     </triUserMessageTX>
                     <triControlNumberCN>
                         1
                     </triControlNumberCN>
                     <ibmPointOfContactTX>
                         Enter your name.
                     </ibmPointOfContactTX>
                     <ibmTriPasswordPA>
                         1Password*
                     </ibmTriPasswordPA>
                     <ibmTriUrlTX>
                         Enter the URL for your TRIRIGA environment in form https://[hostname:port][/context_path]. This must be an internet accessible address.
                     </ibmTriUrlTX>
                     <ibmTriUserNameTX>
                         Enter the User Name for the TRIRIGA Assistant account you have created.
                     </ibmTriUserNameTX>
                     <LocationName>
                     </LocationName>
                     <OrgName>
                     </OrgName>
                     <triLocationTX>
                     </triLocationTX>
                     <ibmPocEmailTX>
                         Enter your email address so IBM can contact you when your Assistant has been provisioned.
                     </ibmPocEmailTX>
         </BoSectionName>
<Associations><Association><Name><![CDATA[Primary Organization]]></Name><TargetModule><![CDATA[Organization]]></TargetModule><TargetBo><![CDATA[Organization]]></TargetBo><TargetObjectName><![CDATA[\Organizations\Greenpoint]]></TargetObjectName></Association><Association><Name><![CDATA[Primary Geography]]></Name><TargetModule><![CDATA[Geography]]></TargetModule><TargetBo><![CDATA[triCity]]></TargetBo><TargetObjectName><![CDATA[\Geography\North America\United States\Texas\Houston]]></TargetObjectName></Association></Associations>     </BoRecord>
</BoRecords>
