<?xml version="1.0" encoding="UTF-8"?>
<!-- IBM Confidential OCO Source Materials --><!-- (C) COPYRIGHT IBM CORP. 2011-2020 --><!-- The source code for this program is not published or otherwise divested of its trade secrets, irrespective of what has been deposited with the U.S. Copyright Office. --><BoRecords>     <BoRecord BoId="10030379" RecordId="-1" BoName="triOslcShape" GUIId="10043100" GUIName="triOslcShape" ModuleId="23828" ModuleName="triOslc" CompanyId="208133" ParentName="" ActionName="" ObjState="created" SourceId="132639763">
<BoSectionName NameValue="System Info">
                     <Review___Status>
                         
                     </Review___Status>
                     <Prior___State>
                         created
                     </Prior___State>
                     <LocationId>
                         
                     </LocationId>
                     <OrganizationId>
                         
                     </OrganizationId>
                     <GeographyId>
                         
                     </GeographyId>
                     <CreatedBy>
                         221931
                     </CreatedBy>
                     <ModifiedBy>
                         
                     </ModifiedBy>
                     <CreatedTime>
                         1574794563510
                     </CreatedTime>
                     <ModifiedTime>
                         1580414846950
                     </ModifiedTime>
                     <Type>
                         10030379
                     </Type>
                     <Parent>
                         
                     </Parent>
         </BoSectionName>
<BoSectionName NameValue="General">
                     <triQueryPerModuleLI>
                         
                     </triQueryPerModuleLI>
                     <triNamespaceTX>
                         http://jazz.net/ns/ism/smarter_physical_infrastructure#
                     </triNamespaceTX>
                     <triConstructedUrlTX>
                         /oslc/shapes/ibmWALocatePersonRS
                     </triConstructedUrlTX>
                     <triConstructedUrlHiddenTX>
                         /oslc/shapes/ibmWALocatePersonRS
                     </triConstructedUrlHiddenTX>
                     <triDefaultFormLI>
                         Employee (triEmployee)
                     </triDefaultFormLI>
                     <LocationName>
                         
                     </LocationName>
                     <triNameTX>
                         Person
                     </triNameTX>
                     <OrgName>
                         
                     </OrgName>
                     <triRecordIdSY>
                         132639763
                     </triRecordIdSY>
                     <GeographyName>
                         
                     </GeographyName>
                     <triModifiedDateTimeNumberSY>
                         1580414846950
                     </triModifiedDateTimeNumberSY>
                     <triIdTX>
                         ibmWALocatePersonRS
                     </triIdTX>
                     <triModuleLI>
                         triPeople
                     </triModuleLI>
                     <triBOLI>
                         People (triPeople)
                     </triBOLI>
                     <triQueryListLI>
                         triPeople - WA-OSLC - People Search - Employees and Consultants
                     </triQueryListLI>
                     <triTitleTX>
                         Locate Person for WA
                     </triTitleTX>
                     <triIsAssociatedBL>
                         FALSE
                     </triIsAssociatedBL>
                     <triResourceTypeTX>
                         
                     </triResourceTypeTX>
                     <triUsageTX>
                         
                     </triUsageTX>
                     <triHideActionsTX>
                         
                     </triHideActionsTX>
                     <triIgnoreActionBL>
                         FALSE
                     </triIgnoreActionBL>
                     <triEnglishOnlyBL>
                         FALSE
                     </triEnglishOnlyBL>
         </BoSectionName>
<Associations><Association><Name><![CDATA[Contains]]></Name><TargetModule><![CDATA[triOslc]]></TargetModule><TargetBo><![CDATA[triOslcPrefixDefinition]]></TargetBo><TargetObjectName><![CDATA[\spi - http://jazz.net/ns/ism/smarter_physical_infrastructure#]]></TargetObjectName></Association><Association><Name><![CDATA[Is Contained By]]></Name><TargetModule><![CDATA[triOslc]]></TargetModule><TargetBo><![CDATA[triOslcQueryCapability]]></TargetBo><TargetObjectName><![CDATA[\ibmWALocatePersonQC]]></TargetObjectName></Association><Association><Name><![CDATA[Contains]]></Name><TargetModule><![CDATA[triOslc]]></TargetModule><TargetBo><![CDATA[triOslcProperty]]></TargetBo><TargetObjectName><![CDATA[\triCityTX-ibmWALocatePersonRS-RecordInformation-3]]></TargetObjectName></Association><Association><Name><![CDATA[Contains]]></Name><TargetModule><![CDATA[triOslc]]></TargetModule><TargetBo><![CDATA[triOslcProperty]]></TargetBo><TargetObjectName><![CDATA[\triRecordIdSY-ibmWALocatePersonRS-Detail-0]]></TargetObjectName></Association><Association><Name><![CDATA[Contains]]></Name><TargetModule><![CDATA[triOslc]]></TargetModule><TargetBo><![CDATA[triOslcProperty]]></TargetBo><TargetObjectName><![CDATA[\Parent-ibmWALocatePersonRS-System Info-1]]></TargetObjectName></Association><Association><Name><![CDATA[Contains]]></Name><TargetModule><![CDATA[triOslc]]></TargetModule><TargetBo><![CDATA[triOslcProperty]]></TargetBo><TargetObjectName><![CDATA[\triWorkPhoneTX-ibmWALocatePersonRS-Detail-0]]></TargetObjectName></Association><Association><Name><![CDATA[Contains]]></Name><TargetModule><![CDATA[triOslc]]></TargetModule><TargetBo><![CDATA[triOslcProperty]]></TargetBo><TargetObjectName><![CDATA[\triUserLanguageLI-ibmWALocatePersonRS-Detail-0]]></TargetObjectName></Association><Association><Name><![CDATA[Contains]]></Name><TargetModule><![CDATA[triOslc]]></TargetModule><TargetBo><![CDATA[triOslcProperty]]></TargetBo><TargetObjectName><![CDATA[\triTitleTX-ibmWALocatePersonRS-Detail-0]]></TargetObjectName></Association><Association><Name><![CDATA[Contains]]></Name><TargetModule><![CDATA[triOslc]]></TargetModule><TargetBo><![CDATA[triOslcProperty]]></TargetBo><TargetObjectName><![CDATA[\triStateProvTX-ibmWALocatePersonRS-RecordInformation-3]]></TargetObjectName></Association><Association><Name><![CDATA[Contains]]></Name><TargetModule><![CDATA[triOslc]]></TargetModule><TargetBo><![CDATA[triOslcProperty]]></TargetBo><TargetObjectName><![CDATA[\triRecordIdSY-ibmWALocatePersonRS-RecordInformation-1]]></TargetObjectName></Association><Association><Name><![CDATA[Contains]]></Name><TargetModule><![CDATA[triOslc]]></TargetModule><TargetBo><![CDATA[triOslcProperty]]></TargetBo><TargetObjectName><![CDATA[\triParentFloorTX-ibmWALocatePersonRS-triSpacePrimaryLocation-0]]></TargetObjectName></Association><Association><Name><![CDATA[Contains]]></Name><TargetModule><![CDATA[triOslc]]></TargetModule><TargetBo><![CDATA[triOslcProperty]]></TargetBo><TargetObjectName><![CDATA[\triParentBuildingTX-ibmWALocatePersonRS-triSpacePrimaryLocation-0]]></TargetObjectName></Association><Association><Name><![CDATA[Contains]]></Name><TargetModule><![CDATA[triOslc]]></TargetModule><TargetBo><![CDATA[triOslcProperty]]></TargetBo><TargetObjectName><![CDATA[\triNameTX-ibmWALocatePersonRS-triSpacePrimaryLocation-0]]></TargetObjectName></Association><Association><Name><![CDATA[Contains]]></Name><TargetModule><![CDATA[triOslc]]></TargetModule><TargetBo><![CDATA[triOslcProperty]]></TargetBo><TargetObjectName><![CDATA[\triNameTX-ibmWALocatePersonRS-triPrimaryOrganization-0]]></TargetObjectName></Association><Association><Name><![CDATA[Contains]]></Name><TargetModule><![CDATA[triOslc]]></TargetModule><TargetBo><![CDATA[triOslcProperty]]></TargetBo><TargetObjectName><![CDATA[\triNameTX-ibmWALocatePersonRS-Detail-0]]></TargetObjectName></Association><Association><Name><![CDATA[Contains]]></Name><TargetModule><![CDATA[triOslc]]></TargetModule><TargetBo><![CDATA[triOslcProperty]]></TargetBo><TargetObjectName><![CDATA[\triMobileTX-ibmWALocatePersonRS-Detail-0]]></TargetObjectName></Association><Association><Name><![CDATA[Contains]]></Name><TargetModule><![CDATA[triOslc]]></TargetModule><TargetBo><![CDATA[triOslcProperty]]></TargetBo><TargetObjectName><![CDATA[\triLastNameTX-ibmWALocatePersonRS-Detail-0]]></TargetObjectName></Association><Association><Name><![CDATA[Contains]]></Name><TargetModule><![CDATA[triOslc]]></TargetModule><TargetBo><![CDATA[triOslcProperty]]></TargetBo><TargetObjectName><![CDATA[\triImageIM-ibmWALocatePersonRS-Detail-0]]></TargetObjectName></Association><Association><Name><![CDATA[Contains]]></Name><TargetModule><![CDATA[triOslc]]></TargetModule><TargetBo><![CDATA[triOslcProperty]]></TargetBo><TargetObjectName><![CDATA[\triFirstNameTX-ibmWALocatePersonRS-Detail-0]]></TargetObjectName></Association><Association><Name><![CDATA[Contains]]></Name><TargetModule><![CDATA[triOslc]]></TargetModule><TargetBo><![CDATA[triOslcProperty]]></TargetBo><TargetObjectName><![CDATA[\triEmailTX-ibmWALocatePersonRS-Detail-0]]></TargetObjectName></Association><Association><Name><![CDATA[Contains]]></Name><TargetModule><![CDATA[triOslc]]></TargetModule><TargetBo><![CDATA[triOslcProperty]]></TargetBo><TargetObjectName><![CDATA[\triCountryTX-ibmWALocatePersonRS-RecordInformation-3]]></TargetObjectName></Association></Associations>     </BoRecord>
</BoRecords>
