<?xml version="1.0" encoding="UTF-8"?>
<!-- IBM Confidential OCO Source Materials --><!-- (C) COPYRIGHT IBM CORP. 2011-2020 --><!-- The source code for this program is not published or otherwise divested of its trade secrets, irrespective of what has been deposited with the U.S. Copyright Office. --><BoRecords>     <BoRecord BoId="10023543" RecordId="-1" BoName="triIntegration" GUIId="10033641" GUIName="triIntegration" ModuleId="23222" ModuleName="triIntegration" CompanyId="208133" ParentName="" ActionName="" ObjState="created" SourceId="132644724">
<BoSectionName NameValue="System Info">
                     <Review___Status>
                         
                     </Review___Status>
                     <Prior___State>
                         processing
                     </Prior___State>
                     <LocationId>
                         
                     </LocationId>
                     <OrganizationId>
                         
                     </OrganizationId>
                     <GeographyId>
                         
                     </GeographyId>
                     <CreatedBy>
                         132643438
                     </CreatedBy>
                     <ModifiedBy>
                         
                     </ModifiedBy>
                     <CreatedTime>
                         1581001734070
                     </CreatedTime>
                     <ModifiedTime>
                         1584724913680
                     </ModifiedTime>
                     <Type>
                         10023543
                     </Type>
                     <Parent>
                         
                     </Parent>
         </BoSectionName>
<BoSectionName NameValue="General">
                     <triBusinessObjectNameSY>
                         triIntegration
                     </triBusinessObjectNameSY>
                     <triSystemModifiedDateTimeNumber>
                         1584724913680
                     </triSystemModifiedDateTimeNumber>
                     <triActionNameTX>
                         
                     </triActionNameTX>
                     <triRecordNameSY>
                         ibmTriAssistant - POST - tririgaOrchestratorCF
                     </triRecordNameSY>
                     <triCountNU>
                         
                     </triCountNU>
                     <triCountNU_UOM>
                         
                     </triCountNU_UOM>
                     <triSQLScriptBI>
                         
                     </triSQLScriptBI>
                     <triStatusTX>
                         Ready
                     </triStatusTX>
                     <triFileImportBI>
                         
                     </triFileImportBI>
                     <triFileImportBL>
                         FALSE
                     </triFileImportBL>
                     <triFilterReportModuleLI>
                         ibmAppServices
                     </triFilterReportModuleLI>
                     <triFilterReportBOLI>
                         ibmProvisioningOrder (ibmAssistantProvisionOrder)
                     </triFilterReportBOLI>
                     <triFilterReportLI>
                         ibmAssistantProvisionOrder - Query - ProvisionOrderRecord
                     </triFilterReportLI>
                     <triURLTX>
                         https://service.us.apiconnect.ibmcloud.com/gws/apigateway/api/971160af936310fd3b1e57540291ee137f0d6d8663c4176c6ebea84b1a37847f/neil/tririgaOrchestrator
                     </triURLTX>
                     <triHttpPostTypeLI>
                         JSON
                     </triHttpPostTypeLI>
                     <triNoteNO>
                         
                     </triNoteNO>
                     <triFileExportTypeLI>
                         Flat
                     </triFileExportTypeLI>
                     <triXsltBI>
                         
                     </triXsltBI>
                     <triUseQueryLabelAsElement>
                         FALSE
                     </triUseQueryLabelAsElement>
                     <triHeaderTX>
                         
                     </triHeaderTX>
                     <triModuleQueryBL>
                         FALSE
                     </triModuleQueryBL>
                     <triDebugBL>
                         FALSE
                     </triDebugBL>
                     <triDynamicBL>
                         FALSE
                     </triDynamicBL>
                     <triPrefixTX>
                         
                     </triPrefixTX>
                     <triPostPasswordPA>
                         
                     </triPostPasswordPA>
                     <triPostUserNameTX>
                         
                     </triPostUserNameTX>
                     <triPostUserNameParameterTX>
                         
                     </triPostUserNameParameterTX>
                     <triPostPasswordParameterTX>
                         
                     </triPostPasswordParameterTX>
                     <triPostAddToHeaderBL>
                         FALSE
                     </triPostAddToHeaderBL>
                     <triPostUseAuthBasicBL>
                         FALSE
                     </triPostUseAuthBasicBL>
                     <triDataConnectJobModuleLI>
                         
                     </triDataConnectJobModuleLI>
                     <triDataConnectJobBOLI>
                         
                     </triDataConnectJobBOLI>
                     <triDataConnectConcurrencyLI>
                         1 - Single
                     </triDataConnectConcurrencyLI>
                     <triBatchNU>
                         5000
                     </triBatchNU>
                     <triBatchNU_UOM>
                         
                     </triBatchNU_UOM>
                     <triDataConnectTypeLI>
                         1 - Standard
                     </triDataConnectTypeLI>
                     <triIntegrationObjectDependentTX>
                         
                     </triIntegrationObjectDependentTX>
                     <triDbInitialSizeNU>
                         2
                     </triDbInitialSizeNU>
                     <triDbInitialSizeNU_UOM>
                         
                     </triDbInitialSizeNU_UOM>
                     <triDbMaxIdleNU>
                         2
                     </triDbMaxIdleNU>
                     <triDbMaxIdleNU_UOM>
                         
                     </triDbMaxIdleNU_UOM>
                     <triDbMaxActiveNU>
                         5
                     </triDbMaxActiveNU>
                     <triDbMaxActiveNU_UOM>
                         
                     </triDbMaxActiveNU_UOM>
                     <triIntegrationResponseMapBI>
                         339893_1584463783688.txt
                     </triIntegrationResponseMapBI>
                     <triResponseTypeLI>
                         JSON
                     </triResponseTypeLI>
                     <triCronJobNameTX>
                         
                     </triCronJobNameTX>
                     <triCronJobMaskTX>
                         
                     </triCronJobMaskTX>
                     <triHttpRequestTypeLI>
                         POST
                     </triHttpRequestTypeLI>
                     <triHttpRequestContentTypeLI>
                         application/json
                     </triHttpRequestContentTypeLI>
                     <triOmitRequestEntityBL>
                         FALSE
                     </triOmitRequestEntityBL>
                     <triUriTX>
                         
                     </triUriTX>
                     <triHeadersTX>
                         
                     </triHeadersTX>
                     <triSendAsBatchBL>
                         FALSE
                     </triSendAsBatchBL>
                     <triXsdBI>
                         
                     </triXsdBI>
                     <triXsdTX>
                         
                     </triXsdTX>
                     <triValidateOnlyBL>
                         FALSE
                     </triValidateOnlyBL>
                     <triMaxAuthBL>
                         FALSE
                     </triMaxAuthBL>
                     <triProxyHostTX>
                         
                     </triProxyHostTX>
                     <triProxyPortNU>
                         
                     </triProxyPortNU>
                     <triProxyPortNU_UOM>
                         
                     </triProxyPortNU_UOM>
                     <triMaxErrors>
                         0
                     </triMaxErrors>
                     <triMaxErrors_UOM>
                         
                     </triMaxErrors_UOM>
                     <triCreateErrorFileBL>
                         FALSE
                     </triCreateErrorFileBL>
                     <triErrorFileBI>
                         
                     </triErrorFileBI>
                     <triValidateBL>
                         FALSE
                     </triValidateBL>
                     <triHttpPostParametersTX>
                         
                     </triHttpPostParametersTX>
                     <triMaxErrorsNU>
                         0
                     </triMaxErrorsNU>
                     <triMaxErrorsNU_UOM>
                         
                     </triMaxErrorsNU_UOM>
                     <triFormNameTX>
                         
                     </triFormNameTX>
                     <triLoadStagingTableBL>
                         FALSE
                     </triLoadStagingTableBL>
                     <triOutboundQueryLocalizedBL>
                         FALSE
                     </triOutboundQueryLocalizedBL>
                     <triResolveColumnLabelSpacesBL>
                         FALSE
                     </triResolveColumnLabelSpacesBL>
                     <triResolveLineBreaksBL>
                         FALSE
                     </triResolveLineBreaksBL>
                     <triEnableTLS12BL>
                         TRUE
                     </triEnableTLS12BL>
                     <triExceed999ResultLimitBL>
                         FALSE
                     </triExceed999ResultLimitBL>
                     <triExceedParamCustTask1000ResultLimitBL>
                         FALSE
                     </triExceedParamCustTask1000ResultLimitBL>
                     <triControlNumberCN>
                         1000789
                     </triControlNumberCN>
                     <triRecordStateSY>
                         created
                     </triRecordStateSY>
                     <triNameTX>
                         ibmTriAssistant - POST - tririgaOrchestratorCF
                     </triNameTX>
                     <triBoNameTX>
                         
                     </triBoNameTX>
                     <triModuleNameTX>
                         
                     </triModuleNameTX>
                     <LocationName>
                         
                     </LocationName>
                     <triConnectionStringTX>
                         jdbc:oracle:thin:@localhost:1521:orcl
                     </triConnectionStringTX>
                     <OrgName>
                         \Organizations\Greenpoint
                     </OrgName>
                     <triIntegrationDirectionLI>
                         Outbound
                     </triIntegrationDirectionLI>
                     <GeographyName>
                         \Geography\North America\United States\Texas\Houston
                     </GeographyName>
                     <triUserNameTX>
                         
                     </triUserNameTX>
                     <triHashedPasswordPA>
                         
                     </triHashedPasswordPA>
                     <triTableNameTX>
                         
                     </triTableNameTX>
                     <triQueryNameTX>
                         
                     </triQueryNameTX>
                     <triRecordIdSY>
                         132644724
                     </triRecordIdSY>
                     <triDriverNameLI>
                         oracle.jdbc.driver.OracleDriver
                     </triDriverNameLI>
                     <triConstructedUrlTX>
                         /html/en/default/rest/Integration?action=map
                     </triConstructedUrlTX>
                     <triIntegrationSchemeLI>
                         Http Post
                     </triIntegrationSchemeLI>
                     <triIntegrationMapBI>
                         
                     </triIntegrationMapBI>
                     <triIncludeRecordIdBL>
                         FALSE
                     </triIncludeRecordIdBL>
                     <triIntegrationBaseUrlTX>
                         /html/en/default/rest/Integration
                     </triIntegrationBaseUrlTX>
                     <triFileNameTX>
                         
                     </triFileNameTX>
                     <triFilePathTX>
                         
                     </triFilePathTX>
                     <triFileDelimiterLI>
                         Tab \t
                     </triFileDelimiterLI>
                     <triOverwriteBL>
                         FALSE
                     </triOverwriteBL>
                     <triDatasourceNameTX>
                         
                     </triDatasourceNameTX>
         </BoSectionName>
<Associations><Association><Name><![CDATA[Primary Organization]]></Name><TargetModule><![CDATA[Organization]]></TargetModule><TargetBo><![CDATA[Organization]]></TargetBo><TargetObjectName><![CDATA[\Organizations\Greenpoint]]></TargetObjectName></Association><Association><Name><![CDATA[Primary Geography]]></Name><TargetModule><![CDATA[Geography]]></TargetModule><TargetBo><![CDATA[triCity]]></TargetBo><TargetObjectName><![CDATA[\Geography\North America\United States\Texas\Houston]]></TargetObjectName></Association><Association><Name><![CDATA[Included In]]></Name><TargetModule><![CDATA[triIntegration]]></TargetModule><TargetBo><![CDATA[triIntegrationInstance]]></TargetBo><TargetObjectName><![CDATA[\ibmTriAssistant - POST - tririgaOrchestratorCF.51]]></TargetObjectName></Association><Association><Name><![CDATA[Belongs To]]></Name><TargetModule><![CDATA[triIntegration]]></TargetModule><TargetBo><![CDATA[triIntegrationInstance]]></TargetBo><TargetObjectName><![CDATA[\ibmTriAssistant - POST - tririgaOrchestratorCF.51]]></TargetObjectName></Association><Association><Name><![CDATA[Included In]]></Name><TargetModule><![CDATA[triIntegration]]></TargetModule><TargetBo><![CDATA[triIntegrationInstance]]></TargetBo><TargetObjectName><![CDATA[\ibmTriAssistant - POST - tririgaOrchestratorCF.50]]></TargetObjectName></Association><Association><Name><![CDATA[Belongs To]]></Name><TargetModule><![CDATA[triIntegration]]></TargetModule><TargetBo><![CDATA[triIntegrationInstance]]></TargetBo><TargetObjectName><![CDATA[\ibmTriAssistant - POST - tririgaOrchestratorCF.50]]></TargetObjectName></Association><Association><Name><![CDATA[Included In]]></Name><TargetModule><![CDATA[triIntegration]]></TargetModule><TargetBo><![CDATA[triIntegrationInstance]]></TargetBo><TargetObjectName><![CDATA[\ibmTriAssistant - POST - tririgaOrchestratorCF.49]]></TargetObjectName></Association><Association><Name><![CDATA[Belongs To]]></Name><TargetModule><![CDATA[triIntegration]]></TargetModule><TargetBo><![CDATA[triIntegrationInstance]]></TargetBo><TargetObjectName><![CDATA[\ibmTriAssistant - POST - tririgaOrchestratorCF.49]]></TargetObjectName></Association><Association><Name><![CDATA[Included In]]></Name><TargetModule><![CDATA[triIntegration]]></TargetModule><TargetBo><![CDATA[triIntegrationInstance]]></TargetBo><TargetObjectName><![CDATA[\ibmTriAssistant - POST - tririgaOrchestratorCF.48]]></TargetObjectName></Association><Association><Name><![CDATA[Belongs To]]></Name><TargetModule><![CDATA[triIntegration]]></TargetModule><TargetBo><![CDATA[triIntegrationInstance]]></TargetBo><TargetObjectName><![CDATA[\ibmTriAssistant - POST - tririgaOrchestratorCF.48]]></TargetObjectName></Association><Association><Name><![CDATA[Included In]]></Name><TargetModule><![CDATA[triIntegration]]></TargetModule><TargetBo><![CDATA[triIntegrationInstance]]></TargetBo><TargetObjectName><![CDATA[\ibmTriAssistant - POST - tririgaOrchestratorCF.47]]></TargetObjectName></Association><Association><Name><![CDATA[Belongs To]]></Name><TargetModule><![CDATA[triIntegration]]></TargetModule><TargetBo><![CDATA[triIntegrationInstance]]></TargetBo><TargetObjectName><![CDATA[\ibmTriAssistant - POST - tririgaOrchestratorCF.47]]></TargetObjectName></Association><Association><Name><![CDATA[Included In]]></Name><TargetModule><![CDATA[triIntegration]]></TargetModule><TargetBo><![CDATA[triIntegrationInstance]]></TargetBo><TargetObjectName><![CDATA[\ibmTriAssistant - POST - tririgaOrchestratorCF.46]]></TargetObjectName></Association><Association><Name><![CDATA[Belongs To]]></Name><TargetModule><![CDATA[triIntegration]]></TargetModule><TargetBo><![CDATA[triIntegrationInstance]]></TargetBo><TargetObjectName><![CDATA[\ibmTriAssistant - POST - tririgaOrchestratorCF.46]]></TargetObjectName></Association><Association><Name><![CDATA[Included In]]></Name><TargetModule><![CDATA[triIntegration]]></TargetModule><TargetBo><![CDATA[triIntegrationInstance]]></TargetBo><TargetObjectName><![CDATA[\ibmTriAssistant - POST - tririgaOrchestratorCF.45]]></TargetObjectName></Association><Association><Name><![CDATA[Belongs To]]></Name><TargetModule><![CDATA[triIntegration]]></TargetModule><TargetBo><![CDATA[triIntegrationInstance]]></TargetBo><TargetObjectName><![CDATA[\ibmTriAssistant - POST - tririgaOrchestratorCF.45]]></TargetObjectName></Association><Association><Name><![CDATA[Included In]]></Name><TargetModule><![CDATA[triIntegration]]></TargetModule><TargetBo><![CDATA[triIntegrationInstance]]></TargetBo><TargetObjectName><![CDATA[\ibmTriAssistant - POST - tririgaOrchestratorCF.44]]></TargetObjectName></Association><Association><Name><![CDATA[Belongs To]]></Name><TargetModule><![CDATA[triIntegration]]></TargetModule><TargetBo><![CDATA[triIntegrationInstance]]></TargetBo><TargetObjectName><![CDATA[\ibmTriAssistant - POST - tririgaOrchestratorCF.44]]></TargetObjectName></Association><Association><Name><![CDATA[Included In]]></Name><TargetModule><![CDATA[triIntegration]]></TargetModule><TargetBo><![CDATA[triIntegrationInstance]]></TargetBo><TargetObjectName><![CDATA[\ibmTriAssistant - POST - tririgaOrchestratorCF.43]]></TargetObjectName></Association><Association><Name><![CDATA[Belongs To]]></Name><TargetModule><![CDATA[triIntegration]]></TargetModule><TargetBo><![CDATA[triIntegrationInstance]]></TargetBo><TargetObjectName><![CDATA[\ibmTriAssistant - POST - tririgaOrchestratorCF.43]]></TargetObjectName></Association><Association><Name><![CDATA[Included In]]></Name><TargetModule><![CDATA[triIntegration]]></TargetModule><TargetBo><![CDATA[triIntegrationInstance]]></TargetBo><TargetObjectName><![CDATA[\ibmTriAssistant - POST - tririgaOrchestratorCF.42]]></TargetObjectName></Association><Association><Name><![CDATA[Belongs To]]></Name><TargetModule><![CDATA[triIntegration]]></TargetModule><TargetBo><![CDATA[triIntegrationInstance]]></TargetBo><TargetObjectName><![CDATA[\ibmTriAssistant - POST - tririgaOrchestratorCF.42]]></TargetObjectName></Association><Association><Name><![CDATA[Included In]]></Name><TargetModule><![CDATA[triIntegration]]></TargetModule><TargetBo><![CDATA[triIntegrationInstance]]></TargetBo><TargetObjectName><![CDATA[\ibmTriAssistant - POST - tririgaOrchestratorCF.41]]></TargetObjectName></Association><Association><Name><![CDATA[Belongs To]]></Name><TargetModule><![CDATA[triIntegration]]></TargetModule><TargetBo><![CDATA[triIntegrationInstance]]></TargetBo><TargetObjectName><![CDATA[\ibmTriAssistant - POST - tririgaOrchestratorCF.41]]></TargetObjectName></Association><Association><Name><![CDATA[Included In]]></Name><TargetModule><![CDATA[triIntegration]]></TargetModule><TargetBo><![CDATA[triIntegrationInstance]]></TargetBo><TargetObjectName><![CDATA[\ibmTriAssistant - POST - tririgaOrchestratorCF.40]]></TargetObjectName></Association><Association><Name><![CDATA[Belongs To]]></Name><TargetModule><![CDATA[triIntegration]]></TargetModule><TargetBo><![CDATA[triIntegrationInstance]]></TargetBo><TargetObjectName><![CDATA[\ibmTriAssistant - POST - tririgaOrchestratorCF.40]]></TargetObjectName></Association><Association><Name><![CDATA[Included In]]></Name><TargetModule><![CDATA[triIntegration]]></TargetModule><TargetBo><![CDATA[triIntegrationInstance]]></TargetBo><TargetObjectName><![CDATA[\ibmTriAssistant - POST - tririgaOrchestratorCF.39]]></TargetObjectName></Association><Association><Name><![CDATA[Belongs To]]></Name><TargetModule><![CDATA[triIntegration]]></TargetModule><TargetBo><![CDATA[triIntegrationInstance]]></TargetBo><TargetObjectName><![CDATA[\ibmTriAssistant - POST - tririgaOrchestratorCF.39]]></TargetObjectName></Association><Association><Name><![CDATA[Included In]]></Name><TargetModule><![CDATA[triIntegration]]></TargetModule><TargetBo><![CDATA[triIntegrationInstance]]></TargetBo><TargetObjectName><![CDATA[\ibmTriAssistant - POST - tririgaOrchestratorCF.38]]></TargetObjectName></Association><Association><Name><![CDATA[Belongs To]]></Name><TargetModule><![CDATA[triIntegration]]></TargetModule><TargetBo><![CDATA[triIntegrationInstance]]></TargetBo><TargetObjectName><![CDATA[\ibmTriAssistant - POST - tririgaOrchestratorCF.38]]></TargetObjectName></Association><Association><Name><![CDATA[Included In]]></Name><TargetModule><![CDATA[triIntegration]]></TargetModule><TargetBo><![CDATA[triIntegrationInstance]]></TargetBo><TargetObjectName><![CDATA[\ibmTriAssistant - POST - tririgaOrchestratorCF.37]]></TargetObjectName></Association><Association><Name><![CDATA[Belongs To]]></Name><TargetModule><![CDATA[triIntegration]]></TargetModule><TargetBo><![CDATA[triIntegrationInstance]]></TargetBo><TargetObjectName><![CDATA[\ibmTriAssistant - POST - tririgaOrchestratorCF.37]]></TargetObjectName></Association><Association><Name><![CDATA[Included In]]></Name><TargetModule><![CDATA[triIntegration]]></TargetModule><TargetBo><![CDATA[triIntegrationInstance]]></TargetBo><TargetObjectName><![CDATA[\ibmTriAssistant - POST - tririgaOrchestratorCF.36]]></TargetObjectName></Association><Association><Name><![CDATA[Belongs To]]></Name><TargetModule><![CDATA[triIntegration]]></TargetModule><TargetBo><![CDATA[triIntegrationInstance]]></TargetBo><TargetObjectName><![CDATA[\ibmTriAssistant - POST - tririgaOrchestratorCF.36]]></TargetObjectName></Association><Association><Name><![CDATA[Included In]]></Name><TargetModule><![CDATA[triIntegration]]></TargetModule><TargetBo><![CDATA[triIntegrationInstance]]></TargetBo><TargetObjectName><![CDATA[\ibmTriAssistant - POST - tririgaOrchestratorCF.35]]></TargetObjectName></Association><Association><Name><![CDATA[Belongs To]]></Name><TargetModule><![CDATA[triIntegration]]></TargetModule><TargetBo><![CDATA[triIntegrationInstance]]></TargetBo><TargetObjectName><![CDATA[\ibmTriAssistant - POST - tririgaOrchestratorCF.35]]></TargetObjectName></Association><Association><Name><![CDATA[Included In]]></Name><TargetModule><![CDATA[triIntegration]]></TargetModule><TargetBo><![CDATA[triIntegrationInstance]]></TargetBo><TargetObjectName><![CDATA[\ibmTriAssistant - POST - tririgaOrchestratorCF.34]]></TargetObjectName></Association><Association><Name><![CDATA[Belongs To]]></Name><TargetModule><![CDATA[triIntegration]]></TargetModule><TargetBo><![CDATA[triIntegrationInstance]]></TargetBo><TargetObjectName><![CDATA[\ibmTriAssistant - POST - tririgaOrchestratorCF.34]]></TargetObjectName></Association><Association><Name><![CDATA[Included In]]></Name><TargetModule><![CDATA[triIntegration]]></TargetModule><TargetBo><![CDATA[triIntegrationInstance]]></TargetBo><TargetObjectName><![CDATA[\ibmTriAssistant - POST - tririgaOrchestratorCF.33]]></TargetObjectName></Association><Association><Name><![CDATA[Belongs To]]></Name><TargetModule><![CDATA[triIntegration]]></TargetModule><TargetBo><![CDATA[triIntegrationInstance]]></TargetBo><TargetObjectName><![CDATA[\ibmTriAssistant - POST - tririgaOrchestratorCF.33]]></TargetObjectName></Association><Association><Name><![CDATA[Included In]]></Name><TargetModule><![CDATA[triIntegration]]></TargetModule><TargetBo><![CDATA[triIntegrationInstance]]></TargetBo><TargetObjectName><![CDATA[\ibmTriAssistant - POST - tririgaOrchestratorCF.27]]></TargetObjectName></Association><Association><Name><![CDATA[Belongs To]]></Name><TargetModule><![CDATA[triIntegration]]></TargetModule><TargetBo><![CDATA[triIntegrationInstance]]></TargetBo><TargetObjectName><![CDATA[\ibmTriAssistant - POST - tririgaOrchestratorCF.27]]></TargetObjectName></Association><Association><Name><![CDATA[Included In]]></Name><TargetModule><![CDATA[triIntegration]]></TargetModule><TargetBo><![CDATA[triIntegrationInstance]]></TargetBo><TargetObjectName><![CDATA[\ibmTriAssistant - POST - tririgaOrchestratorCF.26]]></TargetObjectName></Association><Association><Name><![CDATA[Belongs To]]></Name><TargetModule><![CDATA[triIntegration]]></TargetModule><TargetBo><![CDATA[triIntegrationInstance]]></TargetBo><TargetObjectName><![CDATA[\ibmTriAssistant - POST - tririgaOrchestratorCF.26]]></TargetObjectName></Association><Association><Name><![CDATA[Included In]]></Name><TargetModule><![CDATA[triIntegration]]></TargetModule><TargetBo><![CDATA[triIntegrationInstance]]></TargetBo><TargetObjectName><![CDATA[\ibmTriAssistant - POST - tririgaOrchestratorCF.25]]></TargetObjectName></Association><Association><Name><![CDATA[Belongs To]]></Name><TargetModule><![CDATA[triIntegration]]></TargetModule><TargetBo><![CDATA[triIntegrationInstance]]></TargetBo><TargetObjectName><![CDATA[\ibmTriAssistant - POST - tririgaOrchestratorCF.25]]></TargetObjectName></Association><Association><Name><![CDATA[Included In]]></Name><TargetModule><![CDATA[triIntegration]]></TargetModule><TargetBo><![CDATA[triIntegrationInstance]]></TargetBo><TargetObjectName><![CDATA[\ibmTriAssistant - POST - tririgaOrchestratorCF.24]]></TargetObjectName></Association><Association><Name><![CDATA[Belongs To]]></Name><TargetModule><![CDATA[triIntegration]]></TargetModule><TargetBo><![CDATA[triIntegrationInstance]]></TargetBo><TargetObjectName><![CDATA[\ibmTriAssistant - POST - tririgaOrchestratorCF.24]]></TargetObjectName></Association><Association><Name><![CDATA[Included In]]></Name><TargetModule><![CDATA[triIntegration]]></TargetModule><TargetBo><![CDATA[triIntegrationInstance]]></TargetBo><TargetObjectName><![CDATA[\ibmTriAssistant - POST - tririgaOrchestratorCF.23]]></TargetObjectName></Association><Association><Name><![CDATA[Belongs To]]></Name><TargetModule><![CDATA[triIntegration]]></TargetModule><TargetBo><![CDATA[triIntegrationInstance]]></TargetBo><TargetObjectName><![CDATA[\ibmTriAssistant - POST - tririgaOrchestratorCF.23]]></TargetObjectName></Association><Association><Name><![CDATA[Included In]]></Name><TargetModule><![CDATA[triIntegration]]></TargetModule><TargetBo><![CDATA[triIntegrationInstance]]></TargetBo><TargetObjectName><![CDATA[\ibmTriAssistant - POST - tririgaOrchestratorCF.15]]></TargetObjectName></Association><Association><Name><![CDATA[Belongs To]]></Name><TargetModule><![CDATA[triIntegration]]></TargetModule><TargetBo><![CDATA[triIntegrationInstance]]></TargetBo><TargetObjectName><![CDATA[\ibmTriAssistant - POST - tririgaOrchestratorCF.15]]></TargetObjectName></Association><Association><Name><![CDATA[Included In]]></Name><TargetModule><![CDATA[triIntegration]]></TargetModule><TargetBo><![CDATA[triIntegrationInstance]]></TargetBo><TargetObjectName><![CDATA[\ibmTriAssistant - POST - tririgaOrchestratorCF.74]]></TargetObjectName></Association><Association><Name><![CDATA[Belongs To]]></Name><TargetModule><![CDATA[triIntegration]]></TargetModule><TargetBo><![CDATA[triIntegrationInstance]]></TargetBo><TargetObjectName><![CDATA[\ibmTriAssistant - POST - tririgaOrchestratorCF.74]]></TargetObjectName></Association><Association><Name><![CDATA[Included In]]></Name><TargetModule><![CDATA[triIntegration]]></TargetModule><TargetBo><![CDATA[triIntegrationInstance]]></TargetBo><TargetObjectName><![CDATA[\ibmTriAssistant - POST - tririgaOrchestratorCF.73]]></TargetObjectName></Association><Association><Name><![CDATA[Belongs To]]></Name><TargetModule><![CDATA[triIntegration]]></TargetModule><TargetBo><![CDATA[triIntegrationInstance]]></TargetBo><TargetObjectName><![CDATA[\ibmTriAssistant - POST - tririgaOrchestratorCF.73]]></TargetObjectName></Association><Association><Name><![CDATA[Included In]]></Name><TargetModule><![CDATA[triIntegration]]></TargetModule><TargetBo><![CDATA[triIntegrationInstance]]></TargetBo><TargetObjectName><![CDATA[\ibmTriAssistant - POST - tririgaOrchestratorCF.72]]></TargetObjectName></Association><Association><Name><![CDATA[Belongs To]]></Name><TargetModule><![CDATA[triIntegration]]></TargetModule><TargetBo><![CDATA[triIntegrationInstance]]></TargetBo><TargetObjectName><![CDATA[\ibmTriAssistant - POST - tririgaOrchestratorCF.72]]></TargetObjectName></Association><Association><Name><![CDATA[Included In]]></Name><TargetModule><![CDATA[triIntegration]]></TargetModule><TargetBo><![CDATA[triIntegrationInstance]]></TargetBo><TargetObjectName><![CDATA[\ibmTriAssistant - POST - tririgaOrchestratorCF.71]]></TargetObjectName></Association><Association><Name><![CDATA[Belongs To]]></Name><TargetModule><![CDATA[triIntegration]]></TargetModule><TargetBo><![CDATA[triIntegrationInstance]]></TargetBo><TargetObjectName><![CDATA[\ibmTriAssistant - POST - tririgaOrchestratorCF.71]]></TargetObjectName></Association><Association><Name><![CDATA[Included In]]></Name><TargetModule><![CDATA[triIntegration]]></TargetModule><TargetBo><![CDATA[triIntegrationInstance]]></TargetBo><TargetObjectName><![CDATA[\ibmTriAssistant - POST - tririgaOrchestratorCF.70]]></TargetObjectName></Association><Association><Name><![CDATA[Belongs To]]></Name><TargetModule><![CDATA[triIntegration]]></TargetModule><TargetBo><![CDATA[triIntegrationInstance]]></TargetBo><TargetObjectName><![CDATA[\ibmTriAssistant - POST - tririgaOrchestratorCF.70]]></TargetObjectName></Association><Association><Name><![CDATA[Included In]]></Name><TargetModule><![CDATA[triIntegration]]></TargetModule><TargetBo><![CDATA[triIntegrationInstance]]></TargetBo><TargetObjectName><![CDATA[\ibmTriAssistant - POST - tririgaOrchestratorCF.69]]></TargetObjectName></Association><Association><Name><![CDATA[Belongs To]]></Name><TargetModule><![CDATA[triIntegration]]></TargetModule><TargetBo><![CDATA[triIntegrationInstance]]></TargetBo><TargetObjectName><![CDATA[\ibmTriAssistant - POST - tririgaOrchestratorCF.69]]></TargetObjectName></Association><Association><Name><![CDATA[Included In]]></Name><TargetModule><![CDATA[triIntegration]]></TargetModule><TargetBo><![CDATA[triIntegrationInstance]]></TargetBo><TargetObjectName><![CDATA[\ibmTriAssistant - POST - tririgaOrchestratorCF.68]]></TargetObjectName></Association><Association><Name><![CDATA[Belongs To]]></Name><TargetModule><![CDATA[triIntegration]]></TargetModule><TargetBo><![CDATA[triIntegrationInstance]]></TargetBo><TargetObjectName><![CDATA[\ibmTriAssistant - POST - tririgaOrchestratorCF.68]]></TargetObjectName></Association><Association><Name><![CDATA[Included In]]></Name><TargetModule><![CDATA[triIntegration]]></TargetModule><TargetBo><![CDATA[triIntegrationInstance]]></TargetBo><TargetObjectName><![CDATA[\ibmTriAssistant - POST - tririgaOrchestratorCF.67]]></TargetObjectName></Association><Association><Name><![CDATA[Belongs To]]></Name><TargetModule><![CDATA[triIntegration]]></TargetModule><TargetBo><![CDATA[triIntegrationInstance]]></TargetBo><TargetObjectName><![CDATA[\ibmTriAssistant - POST - tririgaOrchestratorCF.67]]></TargetObjectName></Association><Association><Name><![CDATA[Included In]]></Name><TargetModule><![CDATA[triIntegration]]></TargetModule><TargetBo><![CDATA[triIntegrationInstance]]></TargetBo><TargetObjectName><![CDATA[\ibmTriAssistant - POST - tririgaOrchestratorCF.66]]></TargetObjectName></Association><Association><Name><![CDATA[Belongs To]]></Name><TargetModule><![CDATA[triIntegration]]></TargetModule><TargetBo><![CDATA[triIntegrationInstance]]></TargetBo><TargetObjectName><![CDATA[\ibmTriAssistant - POST - tririgaOrchestratorCF.66]]></TargetObjectName></Association><Association><Name><![CDATA[Included In]]></Name><TargetModule><![CDATA[triIntegration]]></TargetModule><TargetBo><![CDATA[triIntegrationInstance]]></TargetBo><TargetObjectName><![CDATA[\ibmTriAssistant - POST - tririgaOrchestratorCF.65]]></TargetObjectName></Association><Association><Name><![CDATA[Belongs To]]></Name><TargetModule><![CDATA[triIntegration]]></TargetModule><TargetBo><![CDATA[triIntegrationInstance]]></TargetBo><TargetObjectName><![CDATA[\ibmTriAssistant - POST - tririgaOrchestratorCF.65]]></TargetObjectName></Association><Association><Name><![CDATA[Included In]]></Name><TargetModule><![CDATA[triIntegration]]></TargetModule><TargetBo><![CDATA[triIntegrationInstance]]></TargetBo><TargetObjectName><![CDATA[\ibmTriAssistant - POST - tririgaOrchestratorCF.64]]></TargetObjectName></Association><Association><Name><![CDATA[Belongs To]]></Name><TargetModule><![CDATA[triIntegration]]></TargetModule><TargetBo><![CDATA[triIntegrationInstance]]></TargetBo><TargetObjectName><![CDATA[\ibmTriAssistant - POST - tririgaOrchestratorCF.64]]></TargetObjectName></Association><Association><Name><![CDATA[Included In]]></Name><TargetModule><![CDATA[triIntegration]]></TargetModule><TargetBo><![CDATA[triIntegrationInstance]]></TargetBo><TargetObjectName><![CDATA[\ibmTriAssistant - POST - tririgaOrchestratorCF.63]]></TargetObjectName></Association><Association><Name><![CDATA[Belongs To]]></Name><TargetModule><![CDATA[triIntegration]]></TargetModule><TargetBo><![CDATA[triIntegrationInstance]]></TargetBo><TargetObjectName><![CDATA[\ibmTriAssistant - POST - tririgaOrchestratorCF.63]]></TargetObjectName></Association><Association><Name><![CDATA[Included In]]></Name><TargetModule><![CDATA[triIntegration]]></TargetModule><TargetBo><![CDATA[triIntegrationInstance]]></TargetBo><TargetObjectName><![CDATA[\ibmTriAssistant - POST - tririgaOrchestratorCF.62]]></TargetObjectName></Association><Association><Name><![CDATA[Belongs To]]></Name><TargetModule><![CDATA[triIntegration]]></TargetModule><TargetBo><![CDATA[triIntegrationInstance]]></TargetBo><TargetObjectName><![CDATA[\ibmTriAssistant - POST - tririgaOrchestratorCF.62]]></TargetObjectName></Association><Association><Name><![CDATA[Included In]]></Name><TargetModule><![CDATA[triIntegration]]></TargetModule><TargetBo><![CDATA[triIntegrationInstance]]></TargetBo><TargetObjectName><![CDATA[\ibmTriAssistant - POST - tririgaOrchestratorCF.61]]></TargetObjectName></Association><Association><Name><![CDATA[Belongs To]]></Name><TargetModule><![CDATA[triIntegration]]></TargetModule><TargetBo><![CDATA[triIntegrationInstance]]></TargetBo><TargetObjectName><![CDATA[\ibmTriAssistant - POST - tririgaOrchestratorCF.61]]></TargetObjectName></Association><Association><Name><![CDATA[Included In]]></Name><TargetModule><![CDATA[triIntegration]]></TargetModule><TargetBo><![CDATA[triIntegrationInstance]]></TargetBo><TargetObjectName><![CDATA[\ibmTriAssistant - POST - tririgaOrchestratorCF.60]]></TargetObjectName></Association><Association><Name><![CDATA[Belongs To]]></Name><TargetModule><![CDATA[triIntegration]]></TargetModule><TargetBo><![CDATA[triIntegrationInstance]]></TargetBo><TargetObjectName><![CDATA[\ibmTriAssistant - POST - tririgaOrchestratorCF.60]]></TargetObjectName></Association><Association><Name><![CDATA[Included In]]></Name><TargetModule><![CDATA[triIntegration]]></TargetModule><TargetBo><![CDATA[triIntegrationInstance]]></TargetBo><TargetObjectName><![CDATA[\ibmTriAssistant - POST - tririgaOrchestratorCF.59]]></TargetObjectName></Association><Association><Name><![CDATA[Belongs To]]></Name><TargetModule><![CDATA[triIntegration]]></TargetModule><TargetBo><![CDATA[triIntegrationInstance]]></TargetBo><TargetObjectName><![CDATA[\ibmTriAssistant - POST - tririgaOrchestratorCF.59]]></TargetObjectName></Association><Association><Name><![CDATA[Included In]]></Name><TargetModule><![CDATA[triIntegration]]></TargetModule><TargetBo><![CDATA[triIntegrationInstance]]></TargetBo><TargetObjectName><![CDATA[\ibmTriAssistant - POST - tririgaOrchestratorCF.58]]></TargetObjectName></Association><Association><Name><![CDATA[Belongs To]]></Name><TargetModule><![CDATA[triIntegration]]></TargetModule><TargetBo><![CDATA[triIntegrationInstance]]></TargetBo><TargetObjectName><![CDATA[\ibmTriAssistant - POST - tririgaOrchestratorCF.58]]></TargetObjectName></Association><Association><Name><![CDATA[Included In]]></Name><TargetModule><![CDATA[triIntegration]]></TargetModule><TargetBo><![CDATA[triIntegrationInstance]]></TargetBo><TargetObjectName><![CDATA[\ibmTriAssistant - POST - tririgaOrchestratorCF.57]]></TargetObjectName></Association><Association><Name><![CDATA[Belongs To]]></Name><TargetModule><![CDATA[triIntegration]]></TargetModule><TargetBo><![CDATA[triIntegrationInstance]]></TargetBo><TargetObjectName><![CDATA[\ibmTriAssistant - POST - tririgaOrchestratorCF.57]]></TargetObjectName></Association><Association><Name><![CDATA[Included In]]></Name><TargetModule><![CDATA[triIntegration]]></TargetModule><TargetBo><![CDATA[triIntegrationInstance]]></TargetBo><TargetObjectName><![CDATA[\ibmTriAssistant - POST - tririgaOrchestratorCF.56]]></TargetObjectName></Association><Association><Name><![CDATA[Belongs To]]></Name><TargetModule><![CDATA[triIntegration]]></TargetModule><TargetBo><![CDATA[triIntegrationInstance]]></TargetBo><TargetObjectName><![CDATA[\ibmTriAssistant - POST - tririgaOrchestratorCF.56]]></TargetObjectName></Association><Association><Name><![CDATA[Included In]]></Name><TargetModule><![CDATA[triIntegration]]></TargetModule><TargetBo><![CDATA[triIntegrationInstance]]></TargetBo><TargetObjectName><![CDATA[\ibmTriAssistant - POST - tririgaOrchestratorCF.55]]></TargetObjectName></Association><Association><Name><![CDATA[Belongs To]]></Name><TargetModule><![CDATA[triIntegration]]></TargetModule><TargetBo><![CDATA[triIntegrationInstance]]></TargetBo><TargetObjectName><![CDATA[\ibmTriAssistant - POST - tririgaOrchestratorCF.55]]></TargetObjectName></Association><Association><Name><![CDATA[Included In]]></Name><TargetModule><![CDATA[triIntegration]]></TargetModule><TargetBo><![CDATA[triIntegrationInstance]]></TargetBo><TargetObjectName><![CDATA[\ibmTriAssistant - POST - tririgaOrchestratorCF.54]]></TargetObjectName></Association><Association><Name><![CDATA[Belongs To]]></Name><TargetModule><![CDATA[triIntegration]]></TargetModule><TargetBo><![CDATA[triIntegrationInstance]]></TargetBo><TargetObjectName><![CDATA[\ibmTriAssistant - POST - tririgaOrchestratorCF.54]]></TargetObjectName></Association><Association><Name><![CDATA[Belongs To]]></Name><TargetModule><![CDATA[triIntegration]]></TargetModule><TargetBo><![CDATA[triIntegrationInstance]]></TargetBo><TargetObjectName><![CDATA[\ibmTriAssistant - POST - tririgaOrchestratorCF.53]]></TargetObjectName></Association><Association><Name><![CDATA[Included In]]></Name><TargetModule><![CDATA[triIntegration]]></TargetModule><TargetBo><![CDATA[triIntegrationInstance]]></TargetBo><TargetObjectName><![CDATA[\ibmTriAssistant - POST - tririgaOrchestratorCF.53]]></TargetObjectName></Association><Association><Name><![CDATA[Included In]]></Name><TargetModule><![CDATA[triIntegration]]></TargetModule><TargetBo><![CDATA[triIntegrationInstance]]></TargetBo><TargetObjectName><![CDATA[\ibmTriAssistant - POST - tririgaOrchestratorCF.52]]></TargetObjectName></Association><Association><Name><![CDATA[Belongs To]]></Name><TargetModule><![CDATA[triIntegration]]></TargetModule><TargetBo><![CDATA[triIntegrationInstance]]></TargetBo><TargetObjectName><![CDATA[\ibmTriAssistant - POST - tririgaOrchestratorCF.52]]></TargetObjectName></Association></Associations>     </BoRecord>
</BoRecords>
