<?xml version="1.0" encoding="UTF-8"?>
<!-- IBM Confidential OCO Source Materials --><!-- (C) COPYRIGHT IBM CORP. 2011-2020 --><!-- The source code for this program is not published or otherwise divested of its trade secrets, irrespective of what has been deposited with the U.S. Copyright Office. --><Workflow><Header Type="0" WfStatus="10" IgnoreModuleLevel="0" InstanceData="0" LockRecord="0" Modifier="0"><ObjectLabelName><![CDATA[In Progress 0.0]]></ObjectLabelName><Name><![CDATA[ibmAssistantProvisionOrder - Synchronous - Clear Form Status]]></Name><Module><![CDATA[ibmAppServices]]></Module><BO><![CDATA[ibmAssistantProvisionOrder]]></BO><EventName><![CDATA[Pre-Create]]></EventName><Description /><AssociationName /><UpdatedBy><![CDATA[Bhargava, Neil - 1000371]]></UpdatedBy><AssociatedBO /><AssociatedModule><![CDATA[ibmAppServices]]></AssociatedModule></Header><Tasks><Task Id="0" Type="1" FilterOperator="10" RecurrenceId="0" MapId="413694" SRCTaskId="-1" TRGTTaskId="-1" AssigneeTaskId="0" SortCount="1" UseMap="1" LockUser="0" AssignToFlag="1" EstEndInDays="0" EstEndInHrs="0" EstEndInMins="0" DateContext="0" ServiceContext="1"><TaskLabel><![CDATA[Start]]></TaskLabel><EventName><![CDATA[Pre-Create]]></EventName><Description /><DeleteSection /><SumSection /><SumField /><FilterSection /><FilterField /><FilterValue /><ServiceAssociation /><TargetAssociation /><TransactionType><![CDATA[0]]></TransactionType><Status><![CDATA[0]]></Status><ParametersMapId><![CDATA[-1]]></ParametersMapId><FormulaRecalc><![CDATA[0]]></FormulaRecalc><Module><![CDATA[ibmAppServices]]></Module><BO><![CDATA[ibmAssistantProvisionOrder]]></BO><AssociatedModule><![CDATA[ibmAppServices]]></AssociatedModule><AssociatedBO /><AssignToUserMod /><AssignToUserBO /><AssignToUser /><TaskRefs /><Condition><Expression><![CDATA[ ]]></Expression></Condition></Task><Task Id="426054" Type="9" FilterOperator="10" RecurrenceId="0" MapId="-1" SRCTaskId="-1" TRGTTaskId="-1" AssigneeTaskId="0" SortCount="1" UseMap="1" LockUser="0" AssignToFlag="1" EstEndInDays="0" EstEndInHrs="0" EstEndInMins="0" DateContext="0" ServiceContext="1"><TaskLabel /><EventName /><Description /><DeleteSection /><SumSection /><SumField /><FilterSection /><FilterField /><FilterValue /><ServiceAssociation /><TargetAssociation /><TransactionType><![CDATA[0]]></TransactionType><Status><![CDATA[0]]></Status><ParametersMapId><![CDATA[-1]]></ParametersMapId><FormulaRecalc><![CDATA[0]]></FormulaRecalc><Module /><BO /><AssignToUserMod /><AssignToUserBO /><AssignToUser /><TaskRefs /></Task><Task Id="426055" Type="28" FilterOperator="10" RecurrenceId="0" MapId="153410" SRCTaskId="-1" TRGTTaskId="-1" AssigneeTaskId="0" SortCount="1" UseMap="1" LockUser="0" AssignToFlag="1" EstEndInDays="0" EstEndInHrs="0" EstEndInMins="0" DateContext="0" ServiceContext="1"><TaskLabel><![CDATA[Clear triUserStatusTX]]></TaskLabel><EventName><![CDATA[Append]]></EventName><Description /><DeleteSection /><SumSection /><SumField /><FilterSection /><FilterField /><FilterValue /><ServiceAssociation /><TargetAssociation /><TransactionType><![CDATA[0]]></TransactionType><Status><![CDATA[0]]></Status><ParametersMapId><![CDATA[-1]]></ParametersMapId><FormulaRecalc><![CDATA[2]]></FormulaRecalc><Module><![CDATA[ibmAppServices]]></Module><BO><![CDATA[ibmAssistantProvisionOrder]]></BO><AssignToUserMod /><AssignToUserBO /><AssignToUser /><TaskRefs><TaskRef RefType="0" UseType="1" TaskRefType="0" CtxType="-1" RefTaskId="0"><RefSec /><RefField><![CDATA[null]]></RefField><RefAssoc /><RefModule><![CDATA[ibmAppServices]]></RefModule><RefObject><![CDATA[ibmAssistantProvisionOrder]]></RefObject><RefRecordMod /><RefRecordBO /><RefRecord /></TaskRef><TaskRef RefType="1" UseType="2" TaskRefType="0" CtxType="-1" RefTaskId="0"><RefSec /><RefField><![CDATA[null]]></RefField><RefAssoc /><RefModule><![CDATA[ibmAppServices]]></RefModule><RefObject><![CDATA[ibmAssistantProvisionOrder]]></RefObject></TaskRef></TaskRefs><ObjMappings><ObjMapping Id="153410" Type="40"><FldVal /><SrcFldVal /><TrgtModule><![CDATA[ibmAppServices]]></TrgtModule><TrgtBo><![CDATA[ibmAssistantProvisionOrder]]></TrgtBo><SrcModule><![CDATA[ibmAppServices]]></SrcModule><SrcBo><![CDATA[ibmAssistantProvisionOrder]]></SrcBo><TrgtTab><![CDATA[General]]></TrgtTab><TrgtSec><![CDATA[General]]></TrgtSec><TrgtFld><![CDATA[triUserMessageTX]]></TrgtFld><SrcTab /><SrcSec /><SrcFld /></ObjMapping></ObjMappings></Task></Tasks><WFSteps><WFStep Id="0" Type="1" ParId="-1" /><WFStep Id="426054" Type="9" ParId="426055" /><WFStep Id="426055" Type="28" ParId="0" /></WFSteps></Workflow>
