<?xml version="1.0" encoding="UTF-8"?>
<!-- IBM Confidential OCO Source Materials --><!-- (C) COPYRIGHT IBM CORP. 2011-2021 --><!-- The source code for this program is not published or otherwise divested of its trade secrets, irrespective of what has been deposited with the U.S. Copyright Office. --><BoRecords>     <BoRecord BoId="10032979" RecordId="-1" BoName="triPlatformObjectLabelManager" GUIId="10045296" GUIName="triPlatformObjectLabel" ModuleId="24728" ModuleName="triPlatformObjectLabelManager" CompanyId="208133" ParentName="" ActionName="" ObjState="Created" SourceId="132668342">
<BoSectionName NameValue="System Info">
                     <Review___Status>
                         
                     </Review___Status>
                     <Prior___State>
                         Created
                     </Prior___State>
                     <LocationId>
                         
                     </LocationId>
                     <OrganizationId>
                         
                     </OrganizationId>
                     <GeographyId>
                         
                     </GeographyId>
                     <CreatedBy>
                         221931
                     </CreatedBy>
                     <ModifiedBy>
                         
                     </ModifiedBy>
                     <CreatedTime>
                         1612301243901
                     </CreatedTime>
                     <ModifiedTime>
                         1612307049940
                     </ModifiedTime>
                     <Type>
                         10032979
                     </Type>
                     <Parent>
                         
                     </Parent>
         </BoSectionName>
<BoSectionName NameValue="General">
                     <GeographyName>
                         
                     </GeographyName>
                     <triObjectLabelMergedFrom>
                         
                     </triObjectLabelMergedFrom>
                     <triObjectLabelProcessMessageTX>
                         Your request is queued for processing. A notification will be sent when it is complete.
                     </triObjectLabelProcessMessageTX>
                     <triObjectLabelOwnerTX>
                         IBM-WA
                     </triObjectLabelOwnerTX>
                     <triObjectLabelDateDT>
                         02/02/2021
                     </triObjectLabelDateDT>
                     <triObjectLabelByTX>
                         Troy Dugger
                     </triObjectLabelByTX>
                     <triObjectLabelFromTX>
                         
                     </triObjectLabelFromTX>
                     <triObjectLabelDescriptionTX>
                         
                     </triObjectLabelDescriptionTX>
                     <LocationName>
                         
                     </LocationName>
                     <triObjectLabelVersionTX>
                         1.0.6.1
                     </triObjectLabelVersionTX>
                     <OrgName>
                         
                     </OrgName>
                     <triObjectLabelDisplayTX>
                         IBM-WA-1.0.6.1
                     </triObjectLabelDisplayTX>
         </BoSectionName>
<Associations />     </BoRecord>
</BoRecords>
