<?xml version="1.0" encoding="UTF-8"?>
<!-- IBM Confidential OCO Source Materials --><!-- (C) COPYRIGHT IBM CORP. 2011-2021 --><!-- The source code for this program is not published or otherwise divested of its trade secrets, irrespective of what has been deposited with the U.S. Copyright Office. --><BoRecords>     <BoRecord BoId="10030379" RecordId="-1" BoName="triOslcShape" GUIId="10043100" GUIName="triOslcShape" ModuleId="23828" ModuleName="triOslc" CompanyId="208133" ParentName="" ActionName="" ObjState="created" SourceId="132630671">
<BoSectionName NameValue="System Info">
                     <Review___Status>
                         
                     </Review___Status>
                     <Prior___State>
                         created
                     </Prior___State>
                     <LocationId>
                         
                     </LocationId>
                     <OrganizationId>
                         
                     </OrganizationId>
                     <GeographyId>
                         
                     </GeographyId>
                     <CreatedBy>
                         221931
                     </CreatedBy>
                     <ModifiedBy>
                         
                     </ModifiedBy>
                     <CreatedTime>
                         1585164554554
                     </CreatedTime>
                     <ModifiedTime>
                         1612300049660
                     </ModifiedTime>
                     <Type>
                         10030379
                     </Type>
                     <Parent>
                         
                     </Parent>
         </BoSectionName>
<BoSectionName NameValue="General">
                     <triQueryPerModuleLI>
                         
                     </triQueryPerModuleLI>
                     <triNamespaceTX>
                         http://jazz.net/ns/ism/smarter_physical_infrastructure#
                     </triNamespaceTX>
                     <triConstructedUrlTX>
                         /oslc/shapes/ibmWABuildingsTimezonesRS
                     </triConstructedUrlTX>
                     <triConstructedUrlHiddenTX>
                         /oslc/shapes/ibmWABuildingsTimezonesRS
                     </triConstructedUrlHiddenTX>
                     <triDefaultFormLI>
                         Building (triBuilding)
                     </triDefaultFormLI>
                     <triNameTX>
                         BuildingsTZ
                     </triNameTX>
                     <LocationName>
                         
                     </LocationName>
                     <triRecordIdSY>
                         132630671
                     </triRecordIdSY>
                     <OrgName>
                         
                     </OrgName>
                     <triModifiedDateTimeNumberSY>
                         1612300049660
                     </triModifiedDateTimeNumberSY>
                     <GeographyName>
                         
                     </GeographyName>
                     <triIdTX>
                         ibmWABuildingsTimezonesRS
                     </triIdTX>
                     <triModuleLI>
                         Location
                     </triModuleLI>
                     <triBOLI>
                         Building (triBuilding)
                     </triBOLI>
                     <triQueryListLI>
                         Location - triBuilding - WAProvisioningBuildingsTZ
                     </triQueryListLI>
                     <triTitleTX>
                         Get timezone data for all buildings for provisioning TRIRIRGA Assistant
                     </triTitleTX>
                     <triIsAssociatedBL>
                         FALSE
                     </triIsAssociatedBL>
                     <triResourceTypeTX>
                         
                     </triResourceTypeTX>
                     <triUsageTX>
                         
                     </triUsageTX>
                     <triHideActionsTX>
                         
                     </triHideActionsTX>
                     <triIgnoreActionBL>
                         FALSE
                     </triIgnoreActionBL>
                     <triEnglishOnlyBL>
                         FALSE
                     </triEnglishOnlyBL>
         </BoSectionName>
<Associations><Association><Name><![CDATA[Contains]]></Name><TargetModule><![CDATA[triOslc]]></TargetModule><TargetBo><![CDATA[triOslcPrefixDefinition]]></TargetBo><TargetObjectName><![CDATA[\spi - http://jazz.net/ns/ism/smarter_physical_infrastructure#]]></TargetObjectName></Association><Association><Name><![CDATA[Is Contained By]]></Name><TargetModule><![CDATA[triOslc]]></TargetModule><TargetBo><![CDATA[triOslcQueryCapability]]></TargetBo><TargetObjectName><![CDATA[\ibmWABuildingstzQC]]></TargetObjectName></Association><Association><Name><![CDATA[Contains]]></Name><TargetModule><![CDATA[triOslc]]></TargetModule><TargetBo><![CDATA[triOslcProperty]]></TargetBo><TargetObjectName><![CDATA[\triLengthUO-ibmWABuildingsTimezonesRS-RecordInformation-0]]></TargetObjectName></Association><Association><Name><![CDATA[Contains]]></Name><TargetModule><![CDATA[triOslc]]></TargetModule><TargetBo><![CDATA[triOslcProperty]]></TargetBo><TargetObjectName><![CDATA[\triActiveStartDA-ibmWABuildingsTimezonesRS-RecordInformation-0]]></TargetObjectName></Association><Association><Name><![CDATA[Contains]]></Name><TargetModule><![CDATA[triOslc]]></TargetModule><TargetBo><![CDATA[triOslcProperty]]></TargetBo><TargetObjectName><![CDATA[\triCurrencyUO-ibmWABuildingsTimezonesRS-RecordInformation-0]]></TargetObjectName></Association><Association><Name><![CDATA[Contains]]></Name><TargetModule><![CDATA[triOslc]]></TargetModule><TargetBo><![CDATA[triOslcProperty]]></TargetBo><TargetObjectName><![CDATA[\triProRateBalanceToLI-ibmWABuildingsTimezonesRS-RecordInformation-0]]></TargetObjectName></Association><Association><Name><![CDATA[Contains]]></Name><TargetModule><![CDATA[triOslc]]></TargetModule><TargetBo><![CDATA[triOslcProperty]]></TargetBo><TargetObjectName><![CDATA[\triTimeZonesCL-ibmWABuildingsTimezonesRS-RecordInformation-0]]></TargetObjectName></Association><Association><Name><![CDATA[Contains]]></Name><TargetModule><![CDATA[triOslc]]></TargetModule><TargetBo><![CDATA[triOslcProperty]]></TargetBo><TargetObjectName><![CDATA[\triAreaUO-ibmWABuildingsTimezonesRS-RecordInformation-0]]></TargetObjectName></Association><Association><Name><![CDATA[Contains]]></Name><TargetModule><![CDATA[triOslc]]></TargetModule><TargetBo><![CDATA[triOslcProperty]]></TargetBo><TargetObjectName><![CDATA[\triNameTX-ibmWABuildingsTimezonesRS-RecordInformation-0]]></TargetObjectName></Association><Association><Name><![CDATA[Contains]]></Name><TargetModule><![CDATA[triOslc]]></TargetModule><TargetBo><![CDATA[triOslcProperty]]></TargetBo><TargetObjectName><![CDATA[\triRecordIdSY-ibmWABuildingsTimezonesRS-RecordInformation-0]]></TargetObjectName></Association></Associations>     </BoRecord>
</BoRecords>
