<?xml version="1.0" encoding="UTF-8"?>
<!-- IBM Confidential OCO Source Materials --><!-- (C) COPYRIGHT IBM CORP. 2011-2020 --><!-- The source code for this program is not published or otherwise divested of its trade secrets, irrespective of what has been deposited with the U.S. Copyright Office. --><NavItem NavType="33" SiteMapOnly="0" HasDynamicLabel="0"><Name><![CDATA[ibmTriAssistantPortal]]></Name><Label><![CDATA[Assistant Portal]]></Label><Help /><ImagePath /><ObjectLabelName><![CDATA[IBM-WA 1.0.4]]></ObjectLabelName><UiTarget Type="33"><PageTitle><![CDATA[TRIRIGA Assistant]]></PageTitle><TargetDetails><TUXApplication><![CDATA[\ibmTriAssistantPortal]]></TUXApplication><RenderInNewWindow>0</RenderInNewWindow></TargetDetails></UiTarget></NavItem>
