<?xml version="1.0" encoding="UTF-8"?>
<!-- IBM Confidential OCO Source Materials --><!-- (C) COPYRIGHT IBM CORP. 2011-2021 --><!-- The source code for this program is not published or otherwise divested of its trade secrets, irrespective of what has been deposited with the U.S. Copyright Office. --><BO><BOHeader Root="0" Sched="0" Type="1" Audit="0" AuditAccess="0" AuditAction="0" AuditComment="0" AuditSign="0" Approval="0" StageTable="0" EnableSnapshot="0" SingTab="0"><ObjectLabelName><![CDATA[IBM-WA 1.0.6.1]]></ObjectLabelName><Module><![CDATA[ibmAppServices]]></Module><Name><![CDATA[ibmAssistantProvisionOrder]]></Name><Label><![CDATA[ibmAssistantProvisionOrder]]></Label><Description><![CDATA[Business Object for provisioning a new IBM TRIRIGA Assistant add on service.]]></Description><AuditLevel /><UpdatedBy><![CDATA[Dugger, Troy - 1000002]]></UpdatedBy></BOHeader><Associations><Association AssocDepend="0" ProjContainmentDisabled="0" CascadeReadOnly="0"><AssocMod><![CDATA[Classification]]></AssocMod><AssocBo><![CDATA[triStatus]]></AssocBo><AssocName><![CDATA[Current Status]]></AssocName><AssocRevName><![CDATA[Status Of]]></AssocRevName></Association><Association AssocDepend="0" ProjContainmentDisabled="0" CascadeReadOnly="0"><AssocMod><![CDATA[Classification]]></AssocMod><AssocBo><![CDATA[triStatus]]></AssocBo><AssocName><![CDATA[Previous Status]]></AssocName><AssocRevName><![CDATA[Previous Status of]]></AssocRevName></Association><Association AssocDepend="0" ProjContainmentDisabled="0" CascadeReadOnly="0"><AssocMod><![CDATA[Classification]]></AssocMod><AssocBo><![CDATA[triStatus]]></AssocBo><AssocName><![CDATA[Selected]]></AssocName><AssocRevName><![CDATA[Selected By]]></AssocRevName></Association><Association AssocDepend="0" ProjContainmentDisabled="0" CascadeReadOnly="0"><AssocMod><![CDATA[Location]]></AssocMod><AssocBo><![CDATA[Location]]></AssocBo><AssocName><![CDATA[Associated To]]></AssocName><AssocRevName><![CDATA[Associated To]]></AssocRevName></Association><Association AssocDepend="0" ProjContainmentDisabled="0" CascadeReadOnly="0"><AssocMod><![CDATA[Location]]></AssocMod><AssocBo><![CDATA[triSpace]]></AssocBo><AssocName><![CDATA[Associated To]]></AssocName><AssocRevName><![CDATA[Associated To]]></AssocRevName></Association><Association AssocDepend="0" ProjContainmentDisabled="0" CascadeReadOnly="0"><AssocMod><![CDATA[triPeople]]></AssocMod><AssocBo><![CDATA[triPeople]]></AssocBo><AssocName><![CDATA[Associated To]]></AssocName><AssocRevName><![CDATA[Associated To]]></AssocRevName></Association><Association AssocDepend="0" ProjContainmentDisabled="0" CascadeReadOnly="0"><AssocMod><![CDATA[triPeople]]></AssocMod><AssocBo><![CDATA[triPeople]]></AssocBo><AssocName><![CDATA[Auto Recorded By]]></AssocName><AssocRevName><![CDATA[Auto Recorded]]></AssocRevName></Association><Association AssocDepend="0" ProjContainmentDisabled="0" CascadeReadOnly="0"><AssocMod><![CDATA[triProject]]></AssocMod><AssocBo><![CDATA[triCapitalProject]]></AssocBo><AssocName><![CDATA[Is Contained By]]></AssocName><AssocRevName><![CDATA[Contains]]></AssocRevName></Association><Association AssocDepend="0" ProjContainmentDisabled="0" CascadeReadOnly="0"><AssocMod><![CDATA[triRouting]]></AssocMod><AssocBo><![CDATA[triApproval]]></AssocBo><AssocName><![CDATA[Has Approval]]></AssocName><AssocRevName><![CDATA[Is Approval For]]></AssocRevName></Association><Association AssocDepend="0" ProjContainmentDisabled="0" CascadeReadOnly="0"><AssocMod><![CDATA[triRouting]]></AssocMod><AssocBo><![CDATA[triNotificationDetails]]></AssocBo><AssocName><![CDATA[Has Notification]]></AssocName><AssocRevName><![CDATA[Is Notification For]]></AssocRevName></Association></Associations><Sections><Section Type="0" Input="0" Vert="0" Passthrough="0" LiveLink="0" Override="0" Multi="0" UsedByDC="0" RequiredByDC="0"><Name><![CDATA[General]]></Name><Label><![CDATA[General]]></Label><Association /><TempAssociation /><LayOutTab /><DCKeys /><Fields><Field UomType="-1" HierClsType="0" EditUomType="0" MField="0" FieldLiveLink="0" FormulaFlag="0" UseInTot="0" UseInRes="0" ResultDispSeq="0" ReadOnly="0" LocFlag="1" NoAutoPop="1" GenOnCrt="0" FullPath="0" DepListFlag="0" BaseCurField="0" RefResultDispSeq="0" MFieldSeq="0" Size="150.0" DateDefNum="0" StageField="0" StageFieldKey="0" UseCustomPrecisionMask="0" StoragePrecision="12" RoundingRule="4" DoAudit="0" Localizable="0" RelativeDateTime="0"><Name><![CDATA[triLocationTX]]></Name><Description /><Purpose /><Type><![CDATA[Text]]></Type><Label><![CDATA[Location]]></Label><DVal /><Validation /><Required><![CDATA[N]]></Required><FormulaType><![CDATA[R]]></FormulaType><UomTypeName /><Uom /><RollUpType /><LTab><![CDATA[General]]></LTab><LSec><![CDATA[General]]></LSec><SubType /><Association><![CDATA[Associated To]]></Association><Format /><RollUpSource /><DisplayMask><![CDATA[#.####]]></DisplayMask><LBO /><LModule><![CDATA[Location]]></LModule><LocFldName><![CDATA[triNameTX]]></LocFldName><LocFldSecName><![CDATA[General]]></LocFldSecName><LocFldLabel><![CDATA[Name]]></LocFldLabel></Field><Field UomType="-1" HierClsType="0" EditUomType="0" MField="0" FieldLiveLink="0" FormulaFlag="0" UseInTot="0" UseInRes="0" ResultDispSeq="0" ReadOnly="0" LocFlag="0" NoAutoPop="0" GenOnCrt="0" FullPath="0" DepListFlag="0" BaseCurField="0" RefResultDispSeq="0" MFieldSeq="0" Size="150.0" DateDefNum="0" StageField="1" StageFieldKey="0" UseCustomPrecisionMask="0" StoragePrecision="-1" RoundingRule="-1" DoAudit="0" Localizable="0" RelativeDateTime="0"><Name><![CDATA[ibmPointOfContactTX]]></Name><Description /><Purpose /><Type><![CDATA[Text]]></Type><Label><![CDATA[Point of Contact]]></Label><DVal /><Validation /><Required><![CDATA[Y]]></Required><FormulaType><![CDATA[R]]></FormulaType><UomTypeName /><Uom /><RollUpType /><LTab><![CDATA[General]]></LTab><LSec><![CDATA[General]]></LSec><SubType /><Association /><Format /><RollUpSource /><DisplayMask><![CDATA[#.####]]></DisplayMask></Field><Field UomType="-1" HierClsType="0" EditUomType="0" MField="0" FieldLiveLink="0" FormulaFlag="0" UseInTot="0" UseInRes="0" ResultDispSeq="0" ReadOnly="0" LocFlag="0" NoAutoPop="0" GenOnCrt="0" FullPath="0" DepListFlag="0" BaseCurField="0" RefResultDispSeq="0" MFieldSeq="0" Size="-1.0" DateDefNum="0" StageField="1" StageFieldKey="0" UseCustomPrecisionMask="0" StoragePrecision="-1" RoundingRule="-1" DoAudit="0" Localizable="0" RelativeDateTime="0" Reversible="2"><Name><![CDATA[ibmTriPasswordPA]]></Name><Description /><Purpose /><Type><![CDATA[Password]]></Type><Label><![CDATA[TRIRIGA Assistant Password]]></Label><DVal /><Validation /><Required><![CDATA[Y]]></Required><FormulaType><![CDATA[R]]></FormulaType><UomTypeName /><Uom /><RollUpType /><LTab><![CDATA[General]]></LTab><LSec><![CDATA[General]]></LSec><SubType /><Association /><Format /><RollUpSource /><DisplayMask><![CDATA[#.####]]></DisplayMask></Field><Field UomType="-1" HierClsType="0" EditUomType="0" MField="0" FieldLiveLink="0" FormulaFlag="0" UseInTot="0" UseInRes="0" ResultDispSeq="0" ReadOnly="0" LocFlag="0" NoAutoPop="0" GenOnCrt="0" FullPath="0" DepListFlag="0" BaseCurField="0" RefResultDispSeq="0" MFieldSeq="0" Size="150.0" DateDefNum="0" StageField="1" StageFieldKey="0" UseCustomPrecisionMask="0" StoragePrecision="-1" RoundingRule="-1" DoAudit="0" Localizable="0" RelativeDateTime="0"><Name><![CDATA[ibmTriUrlTX]]></Name><Description /><Purpose /><Type><![CDATA[Text]]></Type><Label><![CDATA[TRIRIGA Instance URL]]></Label><DVal /><Validation /><Required><![CDATA[Y]]></Required><FormulaType><![CDATA[R]]></FormulaType><UomTypeName /><Uom /><RollUpType /><LTab><![CDATA[General]]></LTab><LSec><![CDATA[General]]></LSec><SubType /><Association /><Format /><RollUpSource /><DisplayMask><![CDATA[#.####]]></DisplayMask></Field><Field UomType="-1" HierClsType="0" EditUomType="0" MField="0" FieldLiveLink="0" FormulaFlag="0" UseInTot="0" UseInRes="0" ResultDispSeq="0" ReadOnly="0" LocFlag="0" NoAutoPop="0" GenOnCrt="0" FullPath="0" DepListFlag="0" BaseCurField="0" RefResultDispSeq="0" MFieldSeq="0" Size="50.0" DateDefNum="0" StageField="1" StageFieldKey="0" UseCustomPrecisionMask="0" StoragePrecision="-1" RoundingRule="-1" DoAudit="0" Localizable="0" RelativeDateTime="0"><Name><![CDATA[ibmTriUserNameTX]]></Name><Description /><Purpose /><Type><![CDATA[Text]]></Type><Label><![CDATA[TRIRIGA Assistant Username]]></Label><DVal /><Validation /><Required><![CDATA[Y]]></Required><FormulaType><![CDATA[R]]></FormulaType><UomTypeName /><Uom /><RollUpType /><LTab><![CDATA[General]]></LTab><LSec><![CDATA[General]]></LSec><SubType /><Association /><Format /><RollUpSource /><DisplayMask><![CDATA[#.####]]></DisplayMask></Field><Field UomType="-1" HierClsType="0" EditUomType="0" MField="0" FieldLiveLink="0" FormulaFlag="0" UseInTot="0" UseInRes="0" ResultDispSeq="0" ReadOnly="0" LocFlag="0" NoAutoPop="0" GenOnCrt="0" FullPath="0" DepListFlag="0" BaseCurField="0" RefResultDispSeq="0" MFieldSeq="0" Size="100.0" DateDefNum="0" StageField="1" StageFieldKey="0" UseCustomPrecisionMask="0" StoragePrecision="-1" RoundingRule="-1" DoAudit="0" Localizable="0" RelativeDateTime="0"><Name><![CDATA[ibmPocEmailTX]]></Name><Description /><Purpose /><Type><![CDATA[Text]]></Type><Label><![CDATA[Point of Contact Email ID]]></Label><DVal /><Validation /><Required><![CDATA[Y]]></Required><FormulaType><![CDATA[R]]></FormulaType><UomTypeName /><Uom /><RollUpType /><LTab><![CDATA[General]]></LTab><LSec><![CDATA[General]]></LSec><SubType /><Association /><Format /><RollUpSource /><DisplayMask><![CDATA[#.####]]></DisplayMask></Field><Field UomType="-1" HierClsType="0" EditUomType="0" MField="0" FieldLiveLink="0" FormulaFlag="0" UseInTot="0" UseInRes="0" ResultDispSeq="0" ReadOnly="0" LocFlag="0" NoAutoPop="0" GenOnCrt="0" FullPath="0" DepListFlag="0" BaseCurField="0" RefResultDispSeq="0" MFieldSeq="0" Size="150.0" DateDefNum="0" StageField="0" StageFieldKey="0" UseCustomPrecisionMask="0" StoragePrecision="-1" RoundingRule="-1" DoAudit="0" Localizable="0" RelativeDateTime="0"><Name><![CDATA[triUserMessageTX]]></Name><Description><![CDATA[User Message to Attention!]]></Description><Purpose /><Type><![CDATA[Text]]></Type><Label><![CDATA[Request Status]]></Label><DVal /><Validation /><Required><![CDATA[N]]></Required><FormulaType><![CDATA[R]]></FormulaType><UomTypeName /><Uom /><RollUpType /><LTab><![CDATA[General]]></LTab><LSec><![CDATA[General]]></LSec><SubType /><Association /><Format /><RollUpSource /><DisplayMask><![CDATA[#.####]]></DisplayMask></Field><Field UomType="-1" HierClsType="0" EditUomType="0" MField="0" FieldLiveLink="0" FormulaFlag="0" UseInTot="0" UseInRes="0" ResultDispSeq="0" ReadOnly="0" LocFlag="0" NoAutoPop="0" GenOnCrt="0" FullPath="0" DepListFlag="0" BaseCurField="0" RefResultDispSeq="0" MFieldSeq="0" Size="-1.0" DateDefNum="0" StageField="1" StageFieldKey="0" UseCustomPrecisionMask="0" StoragePrecision="-1" RoundingRule="-1" DoAudit="0" Localizable="0" RelativeDateTime="0"><Name><![CDATA[ibmTriAssistantPlanLI]]></Name><Description /><Purpose /><Type><![CDATA[List]]></Type><Label><![CDATA[Assistant Plan]]></Label><DVal><![CDATA[Trial]]></DVal><Validation /><Required><![CDATA[Y]]></Required><FormulaType><![CDATA[R]]></FormulaType><UomTypeName /><Uom /><RollUpType /><LTab><![CDATA[General]]></LTab><LSec><![CDATA[General]]></LSec><SubType /><Association /><Format /><RollUpSource /><DisplayMask><![CDATA[#.####]]></DisplayMask><RefSysObj><![CDATA[ibmTriAssistantPlans]]></RefSysObj><RefSysObjModule><![CDATA[ibmAppServices]]></RefSysObjModule></Field><Field UomType="-1" HierClsType="0" EditUomType="0" MField="0" FieldLiveLink="0" FormulaFlag="0" UseInTot="0" UseInRes="0" ResultDispSeq="0" ReadOnly="0" LocFlag="0" NoAutoPop="0" GenOnCrt="0" FullPath="0" DepListFlag="0" BaseCurField="0" RefResultDispSeq="0" MFieldSeq="0" Size="-1.0" DateDefNum="0" StageField="0" StageFieldKey="0" UseCustomPrecisionMask="0" StoragePrecision="-1" RoundingRule="-1" DoAudit="0" Localizable="0" RelativeDateTime="0"><Name><![CDATA[ibmTriAssistantTACAgreeBL]]></Name><Description /><Purpose /><Type><![CDATA[Checkbox]]></Type><Label><![CDATA[Trial T&C Agree Flag]]></Label><DVal /><Validation /><Required><![CDATA[N]]></Required><FormulaType><![CDATA[R]]></FormulaType><UomTypeName /><Uom /><RollUpType /><LTab><![CDATA[General]]></LTab><LSec><![CDATA[General]]></LSec><SubType /><Association /><Format /><RollUpSource /><DisplayMask><![CDATA[#.####]]></DisplayMask></Field><Field UomType="-1" HierClsType="0" EditUomType="0" MField="0" FieldLiveLink="0" FormulaFlag="0" UseInTot="0" UseInRes="0" ResultDispSeq="0" ReadOnly="0" LocFlag="0" NoAutoPop="0" GenOnCrt="0" FullPath="0" DepListFlag="0" BaseCurField="0" RefResultDispSeq="0" MFieldSeq="0" Size="150.0" DateDefNum="0" StageField="0" StageFieldKey="0" UseCustomPrecisionMask="0" StoragePrecision="-1" RoundingRule="-1" DoAudit="0" Localizable="0" RelativeDateTime="0"><Name><![CDATA[ibmTriAssistantReleaseTX]]></Name><Description><![CDATA[Do not modify by hand.]]></Description><Purpose><![CDATA[Used to tell what version of OM package content has been imported.]]></Purpose><Type><![CDATA[Text]]></Type><Label><![CDATA[ibmTriAssistantReleaseTX]]></Label><DVal><![CDATA[1.0.6]]></DVal><Validation /><Required><![CDATA[N]]></Required><FormulaType><![CDATA[R]]></FormulaType><UomTypeName /><Uom /><RollUpType /><LTab><![CDATA[General]]></LTab><LSec><![CDATA[General]]></LSec><SubType /><Association /><Format /><RollUpSource /><DisplayMask><![CDATA[#.####]]></DisplayMask></Field><Field UomType="-1" HierClsType="0" EditUomType="0" MField="0" FieldLiveLink="0" FormulaFlag="0" UseInTot="0" UseInRes="0" ResultDispSeq="0" ReadOnly="1" LocFlag="0" NoAutoPop="0" GenOnCrt="0" FullPath="0" DepListFlag="0" BaseCurField="0" RefResultDispSeq="0" MFieldSeq="0" Size="150.0" DateDefNum="0" StageField="0" StageFieldKey="0" UseCustomPrecisionMask="0" StoragePrecision="-1" RoundingRule="-1" DoAudit="0" Localizable="0" RelativeDateTime="0"><Name><![CDATA[ibmTriAssistantProvisioningOrderNameTX]]></Name><Description><![CDATA[name field to find the provisioning order]]></Description><Purpose><![CDATA[Used as the published name to find the order record to track release version of OM package]]></Purpose><Type><![CDATA[Text]]></Type><Label><![CDATA[ibmTriAssistantProvisioningOrderNameTX]]></Label><DVal><![CDATA[ibmTriAssistantProvisioningOrderName]]></DVal><Validation /><Required><![CDATA[N]]></Required><FormulaType><![CDATA[R]]></FormulaType><UomTypeName /><Uom /><RollUpType /><LTab><![CDATA[General]]></LTab><LSec><![CDATA[General]]></LSec><SubType /><Association /><Format /><RollUpSource /><DisplayMask><![CDATA[#.####]]></DisplayMask></Field></Fields></Section></Sections><StateTransitions><StateTransition CloseScr="0" Display="1" ReadOnly="0" Seq="0" StateSeq="0" SecAction="0" HideStateFromHierarchy="0"><State><![CDATA[null]]></State><Action><![CDATA[triSubmit]]></Action><NState><![CDATA[triCreated]]></NState><ActLabel><![CDATA[Submit]]></ActLabel><EJB /><Method /><CustomUrl /><SubLabels><SubLabel SLSeq="0" SLAuditAct="0"><SLName><![CDATA[Submit]]></SLName><SLWF><![CDATA[ibmAssistantProvisionOrder - Synchronous - Execute Provisioning]]></SLWF><SLWFBO><![CDATA[ibmAssistantProvisionOrder]]></SLWFBO><SLWFMod><![CDATA[ibmAppServices]]></SLWFMod><SLIncExcs><SLIncExc SLIncExcType="I"><SLIncExcAct><![CDATA[Submit]]></SLIncExcAct></SLIncExc></SLIncExcs></SubLabel></SubLabels></StateTransition><StateTransition CloseScr="0" Display="1" ReadOnly="0" Seq="1" StateSeq="1" SecAction="0" HideStateFromHierarchy="0"><State><![CDATA[triCreated]]></State><Action><![CDATA[triSubmit]]></Action><NState><![CDATA[triCreated]]></NState><ActLabel><![CDATA[Submit]]></ActLabel><EJB /><Method /><CustomUrl /><SubLabels><SubLabel SLSeq="0" SLAuditAct="0"><SLName><![CDATA[Submit]]></SLName><SLWF><![CDATA[ibmAssistantProvisionOrder - Synchronous - Execute Provisioning]]></SLWF><SLWFBO><![CDATA[ibmAssistantProvisionOrder]]></SLWFBO><SLWFMod><![CDATA[ibmAppServices]]></SLWFMod><SLIncExcs><SLIncExc SLIncExcType="I"><SLIncExcAct><![CDATA[Delete]]></SLIncExcAct></SLIncExc><SLIncExc SLIncExcType="I"><SLIncExcAct><![CDATA[Submit]]></SLIncExcAct></SLIncExc></SLIncExcs></SubLabel></SubLabels></StateTransition><StateTransition CloseScr="1" Display="1" ReadOnly="0" Seq="2" StateSeq="1" SecAction="1" HideStateFromHierarchy="0"><State><![CDATA[triCreated]]></State><Action><![CDATA[triDelete]]></Action><NState><![CDATA[null]]></NState><ActLabel><![CDATA[Delete]]></ActLabel><EJB /><Method /><CustomUrl /></StateTransition></StateTransitions><Mappings CntrlNumPref="0" CntrlNumStart="1"><CntrlNumDelim><![CDATA[ ]]></CntrlNumDelim><NameMap><Map MapType="1" MapFieldSystemFlag="0"><MapField><![CDATA[ibmTriAssistantProvisioningOrderNameTX]]></MapField><MapFieldSec><![CDATA[General]]></MapFieldSec><MapFieldLbl><![CDATA[ibmTriAssistantProvisioningOrderNameTX]]></MapFieldLbl></Map></NameMap><ImageMap><Map MapType="0"><MapField><![CDATA[Image]]></MapField><MapFieldSec /><MapFieldLbl><![CDATA[Image]]></MapFieldLbl></Map></ImageMap></Mappings></BO>
