<?xml version="1.0" encoding="UTF-8"?>
<!-- IBM Confidential OCO Source Materials --><!-- (C) COPYRIGHT IBM CORP. 2011-2020 --><!-- The source code for this program is not published or otherwise divested of its trade secrets, irrespective of what has been deposited with the U.S. Copyright Office. --><Association AssocDepend="0" ProjContainmentDisabled="0" CascadeReadOnly="0"><AssocMod><![CDATA[triProject]]></AssocMod><AssocBo><![CDATA[triCapitalProject]]></AssocBo><SrcMod><![CDATA[ibmAppServices]]></SrcMod><SrcBo><![CDATA[ibmAppServices]]></SrcBo><AssocName><![CDATA[Is Contained By]]></AssocName><AssocRevName><![CDATA[Contains]]></AssocRevName></Association>
