<?xml version="1.0" encoding="UTF-8"?>
<!-- IBM Confidential OCO Source Materials --><!-- (C) COPYRIGHT IBM CORP. 2011-2020 --><!-- The source code for this program is not published or otherwise divested of its trade secrets, irrespective of what has been deposited with the U.S. Copyright Office. --><BoRecords>     <BoRecord ObjectLabelName="IBM-WA 1.0.6" BoId="10032885" RecordId="-1" BoName="triDsFieldMeta" GUIId="10045202" GUIName="triDsFieldMeta" ModuleId="24628" ModuleName="triPlatformMeta" CompanyId="208133" ParentName="" ActionName="" ObjState="triActive" SourceId="132633089">
<BoSectionName NameValue="System Info">
                     <Review___Status>
                         
                     </Review___Status>
                     <Prior___State>
                         triActive
                     </Prior___State>
                     <LocationId>
                         
                     </LocationId>
                     <OrganizationId>
                         
                     </OrganizationId>
                     <GeographyId>
                         
                     </GeographyId>
                     <CreatedBy>
                         132632067
                     </CreatedBy>
                     <ModifiedBy>
                         
                     </ModifiedBy>
                     <CreatedTime>
                         1598391047700
                     </CreatedTime>
                     <ModifiedTime>
                         1598391085660
                     </ModifiedTime>
                     <Type>
                         10032885
                     </Type>
                     <Parent>
                         
                     </Parent>
         </BoSectionName>
<BoSectionName NameValue="General">
                     <triRecordStateSY>
                         triActive
                     </triRecordStateSY>
                     <triRecordNameSY>
                         ibmTriAssistant-Current User-1104-email-6213
                     </triRecordNameSY>
                     <triRecordIdSY>
                         132633089
                     </triRecordIdSY>
                     <triModuleLI>
                         
                     </triModuleLI>
                     <triControlNumberCN>
                         6213
                     </triControlNumberCN>
                     <LocationName>
                         
                     </LocationName>
                     <triCreatedDateTimeSY>
                         1598391047000
                     </triCreatedDateTimeSY>
                     <OrgName>
                         
                     </OrgName>
                     <triModifiedDateTimeSY>
                         1598391085660
                     </triModifiedDateTimeSY>
                     <GeographyName>
                         
                     </GeographyName>
                     <triNameTX>
                         email
                     </triNameTX>
                     <triFieldNameTX>
                         triEmailTX
                     </triFieldNameTX>
                     <triDataSourceTX>
                         ibmTriAssistant-Current User-1104
                     </triDataSourceTX>
                     <triIdTX>
                         6213
                     </triIdTX>
                     <triBOLI>
                         
                     </triBOLI>
                     <triFieldLI>
                         
                     </triFieldLI>
                     <triSectionLI>
                         
                     </triSectionLI>
                     <triModelTX>
                         ibmTriAssistant
                     </triModelTX>
                     <triDataTypeLI>
                         STRING
                     </triDataTypeLI>
                     <triExposedNameTX>
                         email
                     </triExposedNameTX>
                     <triReadOnlyBL>
                         FALSE
                     </triReadOnlyBL>
                     <triInternalValueBL>
                         FALSE
                     </triInternalValueBL>
                     <triRecordSnapshotSY>
                         12
                     </triRecordSnapshotSY>
                     <triRecordLabelNameSY>
                         IBM-WA:1.0.6
                     </triRecordLabelNameSY>
         </BoSectionName>
<Associations><Association><Name><![CDATA[Is Data Source Field Metadata For]]></Name><TargetModule><![CDATA[triPlatformMeta]]></TargetModule><TargetBo><![CDATA[triDataSourceMeta]]></TargetBo><TargetObjectName><![CDATA[\ibmTriAssistant-Current User-1104]]></TargetObjectName></Association></Associations>     </BoRecord>
</BoRecords>
