<?xml version="1.0" encoding="UTF-8"?>
<!-- IBM Confidential OCO Source Materials --><!-- (C) COPYRIGHT IBM CORP. 2011-2020 --><!-- The source code for this program is not published or otherwise divested of its trade secrets, irrespective of what has been deposited with the U.S. Copyright Office. --><BoRecords>     <BoRecord ObjectLabelName="IBM-WA 1.0.4" BoId="10032892" RecordId="-1" BoName="triModelMeta" GUIId="10045197" GUIName="triModelMeta" ModuleId="24628" ModuleName="triPlatformMeta" CompanyId="208133" ParentName="" ActionName="" ObjState="triActive" SourceId="132632689">
<BoSectionName NameValue="System Info">
                     <Review___Status>
                         
                     </Review___Status>
                     <Prior___State>
                         triActive
                     </Prior___State>
                     <LocationId>
                         
                     </LocationId>
                     <OrganizationId>
                         
                     </OrganizationId>
                     <GeographyId>
                         
                     </GeographyId>
                     <CreatedBy>
                         221931
                     </CreatedBy>
                     <ModifiedBy>
                         
                     </ModifiedBy>
                     <CreatedTime>
                         1590775553425
                     </CreatedTime>
                     <ModifiedTime>
                         1591282670670
                     </ModifiedTime>
                     <Type>
                         10032892
                     </Type>
                     <Parent>
                         
                     </Parent>
         </BoSectionName>
<BoSectionName NameValue="General">
                     <triControlNumberCN>
                         106
                     </triControlNumberCN>
                     <triCreatedDateTimeSY>
                         1590775553000
                     </triCreatedDateTimeSY>
                     <triModifiedDateTimeSY>
                         1591282670670
                     </triModifiedDateTimeSY>
                     <triNameTX>
                         ibmTriAssistantPortal
                     </triNameTX>
                     <triDescriptionTX>
                         
                     </triDescriptionTX>
                     <triIdTX>
                         ibmTriAssistantPortal
                     </triIdTX>
                     <LocationName>
                         
                     </LocationName>
                     <triRecordStateSY>
                         triActive
                     </triRecordStateSY>
                     <OrgName>
                         
                     </OrgName>
                     <GeographyName>
                         
                     </GeographyName>
                     <triRecordNameSY>
                         ibmTriAssistantPortal
                     </triRecordNameSY>
                     <triRecordIdSY>
                         132632689
                     </triRecordIdSY>
                     <triExposedNameTX>
                         ibmTriAssistantPortal
                     </triExposedNameTX>
                     <triRecordSnapshotSY>
                         2
                     </triRecordSnapshotSY>
                     <triRecordLabelNameSY>
                         IBM-WA:1.0.4
                     </triRecordLabelNameSY>
                     <triIsDraftModeBL>
                         FALSE
                     </triIsDraftModeBL>
                     <triIsDraftModeYesNoTX>
                         No
                     </triIsDraftModeYesNoTX>
         </BoSectionName>
<Associations><Association><Name><![CDATA[Belongs To]]></Name><TargetModule><![CDATA[triPlatformMeta]]></TargetModule><TargetBo><![CDATA[triModelAndViewMeta]]></TargetBo><TargetObjectName><![CDATA[\ibmTriAssistantPortal]]></TargetObjectName></Association></Associations>     </BoRecord>
</BoRecords>
