<?xml version="1.0" encoding="UTF-8"?>
<!-- IBM Confidential OCO Source Materials --><!-- (C) COPYRIGHT IBM CORP. 2011-2020 --><!-- The source code for this program is not published or otherwise divested of its trade secrets, irrespective of what has been deposited with the U.S. Copyright Office. --><BoRecords>     <BoRecord BoId="10030379" RecordId="-1" BoName="triOslcShape" GUIId="10043100" GUIName="triOslcShape" ModuleId="23828" ModuleName="triOslc" CompanyId="208133" ParentName="" ActionName="" ObjState="created" SourceId="132630661">
<BoSectionName NameValue="System Info">
                     <Review___Status>
                         
                     </Review___Status>
                     <Prior___State>
                         created
                     </Prior___State>
                     <LocationId>
                         
                     </LocationId>
                     <OrganizationId>
                         
                     </OrganizationId>
                     <GeographyId>
                         
                     </GeographyId>
                     <CreatedBy>
                         221931
                     </CreatedBy>
                     <ModifiedBy>
                         
                     </ModifiedBy>
                     <CreatedTime>
                         1585164546427
                     </CreatedTime>
                     <ModifiedTime>
                         1601667188090
                     </ModifiedTime>
                     <Type>
                         10030379
                     </Type>
                     <Parent>
                         
                     </Parent>
         </BoSectionName>
<BoSectionName NameValue="General">
                     <triQueryPerModuleLI>
                         
                     </triQueryPerModuleLI>
                     <triNamespaceTX>
                         http://jazz.net/ns/tririga/reserve#
                     </triNamespaceTX>
                     <triConstructedUrlTX>
                         /oslc/shapes/ibmSpaceRS
                     </triConstructedUrlTX>
                     <triConstructedUrlHiddenTX>
                         /oslc/shapes/ibmSpaceRS
                     </triConstructedUrlHiddenTX>
                     <triDefaultFormLI>
                         Space (triSpace)
                     </triDefaultFormLI>
                     <triNameTX>
                         Space
                     </triNameTX>
                     <LocationName>
                         
                     </LocationName>
                     <triRecordIdSY>
                         132630661
                     </triRecordIdSY>
                     <OrgName>
                         
                     </OrgName>
                     <triModifiedDateTimeNumberSY>
                         1601667188090
                     </triModifiedDateTimeNumberSY>
                     <GeographyName>
                         
                     </GeographyName>
                     <triIdTX>
                         ibmSpaceRS
                     </triIdTX>
                     <triModuleLI>
                         Location
                     </triModuleLI>
                     <triBOLI>
                         Space (triSpace)
                     </triBOLI>
                     <triQueryListLI>
                         triSpace - WAS - Mobile - Resource - Reservable Meeting Spaces
                     </triQueryListLI>
                     <triTitleTX>
                         Space
                     </triTitleTX>
                     <triIsAssociatedBL>
                         FALSE
                     </triIsAssociatedBL>
                     <triResourceTypeTX>
                         
                     </triResourceTypeTX>
                     <triUsageTX>
                         
                     </triUsageTX>
                     <triHideActionsTX>
                         
                     </triHideActionsTX>
                     <triIgnoreActionBL>
                         FALSE
                     </triIgnoreActionBL>
                     <triEnglishOnlyBL>
                         FALSE
                     </triEnglishOnlyBL>
         </BoSectionName>
<Associations><Association><Name><![CDATA[Contains]]></Name><TargetModule><![CDATA[triOslc]]></TargetModule><TargetBo><![CDATA[triOslcPrefixDefinition]]></TargetBo><TargetObjectName><![CDATA[\reserve - http://jazz.net/ns/tririga/reserve#]]></TargetObjectName></Association><Association><Name><![CDATA[Is Reference Only]]></Name><TargetModule><![CDATA[triOslc]]></TargetModule><TargetBo><![CDATA[triOslcLinkedResource]]></TargetBo><TargetObjectName><![CDATA[\ReservationServiceMeetingSpaces]]></TargetObjectName></Association><Association><Name><![CDATA[Is Reference Only]]></Name><TargetModule><![CDATA[triOslc]]></TargetModule><TargetBo><![CDATA[triOslcLinkedResource]]></TargetBo><TargetObjectName><![CDATA[\triReservationResourceLocation]]></TargetObjectName></Association><Association><Name><![CDATA[Contains]]></Name><TargetModule><![CDATA[triOslc]]></TargetModule><TargetBo><![CDATA[triOslcLinkedResource]]></TargetBo><TargetObjectName><![CDATA[\triReservationServiceReservations]]></TargetObjectName></Association><Association><Name><![CDATA[Contains]]></Name><TargetModule><![CDATA[triOslc]]></TargetModule><TargetBo><![CDATA[triOslcProperty]]></TargetBo><TargetObjectName><![CDATA[\triBarCodeEntryTX-ibmSpaceRS-RecordInformation-0]]></TargetObjectName></Association><Association><Name><![CDATA[Contains]]></Name><TargetModule><![CDATA[triOslc]]></TargetModule><TargetBo><![CDATA[triOslcProperty]]></TargetBo><TargetObjectName><![CDATA[\triIdTX-ibmSpaceRS-RecordInformation-0]]></TargetObjectName></Association><Association><Name><![CDATA[Contains]]></Name><TargetModule><![CDATA[triOslc]]></TargetModule><TargetBo><![CDATA[triOslcProperty]]></TargetBo><TargetObjectName><![CDATA[\triNameTX-ibmSpaceRS-RecordInformation]]></TargetObjectName></Association><Association><Name><![CDATA[Contains]]></Name><TargetModule><![CDATA[triOslc]]></TargetModule><TargetBo><![CDATA[triOslcProperty]]></TargetBo><TargetObjectName><![CDATA[\triNameTX-ibmSpaceRS-triCurrentSpaceClass]]></TargetObjectName></Association><Association><Name><![CDATA[Contains]]></Name><TargetModule><![CDATA[triOslc]]></TargetModule><TargetBo><![CDATA[triOslcProperty]]></TargetBo><TargetObjectName><![CDATA[\triParentBuildingTX-ibmSpaceRS-RecordInformation]]></TargetObjectName></Association><Association><Name><![CDATA[Contains]]></Name><TargetModule><![CDATA[triOslc]]></TargetModule><TargetBo><![CDATA[triOslcProperty]]></TargetBo><TargetObjectName><![CDATA[\triParentFloorTX-ibmSpaceRS-RecordInformation]]></TargetObjectName></Association><Association><Name><![CDATA[Contains]]></Name><TargetModule><![CDATA[triOslc]]></TargetModule><TargetBo><![CDATA[triOslcProperty]]></TargetBo><TargetObjectName><![CDATA[\triRecordIdSY-ibmSpaceRS-RecordInformation]]></TargetObjectName></Association><Association><Name><![CDATA[Contains]]></Name><TargetModule><![CDATA[triOslc]]></TargetModule><TargetBo><![CDATA[triOslcProperty]]></TargetBo><TargetObjectName><![CDATA[\triReserveNameTX-ibmSpaceRS-RecordInformation]]></TargetObjectName></Association><Association><Name><![CDATA[Contains]]></Name><TargetModule><![CDATA[triOslc]]></TargetModule><TargetBo><![CDATA[triOslcProperty]]></TargetBo><TargetObjectName><![CDATA[\triRecordNameSY-ibmSpaceRS-RecordInformation-0]]></TargetObjectName></Association><Association><Name><![CDATA[Contains]]></Name><TargetModule><![CDATA[triOslc]]></TargetModule><TargetBo><![CDATA[triOslcProperty]]></TargetBo><TargetObjectName><![CDATA[\Parent-ibmSpaceRS-System Info-0]]></TargetObjectName></Association></Associations>     </BoRecord>
</BoRecords>
